,id,title,price,domain_id,brand
0,MLM1524433213,Smart Tv Samsung Series 7 Un58au7000fxzx Led 4k 58  110v - 127v,9959,MLM-TELEVISIONS,Samsung
1,MLM1620027513,Televisor Hisense A6gv 43  Uhd 4k Smart 43a6gv,6499,MLM-TELEVISIONS,Hisense
2,MLM1853056499,Smart Tv Samsung Series 8 Un43au8000fxzx Led 4k 43  110v - 127v,9299,MLM-TELEVISIONS,Samsung
3,MLM727033865,Smart Tv Hisense R6 Series 43r6e Led 4k 43  120v,5149,MLM-TELEVISIONS,Hisense
4,MLM1526239459,Smart Tv Hisense A6 Series 50a6h Led 4k 50  120v,6999,MLM-TELEVISIONS,Hisense
5,MLM1768823364,Smart Tv Tcl 4-series 55s453 Led 4k 55 ,7999,MLM-TELEVISIONS,TCL
6,MLM1649617489,Smart Tv Hisense 55a65hv Led 4k 55  120v,9699,MLM-TELEVISIONS,Hisense
7,MLM1767008162,Smart Tv Hisense 50a65hv Led 4k 50  120v,7999,MLM-TELEVISIONS,Hisense
8,MLM1820780137,Pantalla Smart Tv 43 Pulgadas Tcl 4 Series Led 4k 3840x2160 Uhd Roku Tv Modelo 43s453,5759,MLM-TELEVISIONS,TCL
9,MLM1478157927,Smart Tv Tcl 5-series 55s546 Qled 4k 55 ,12320,MLM-TELEVISIONS,TCL
10,MLM1779951531,Smart Tv Samsung Series 8 Un55au8000fxzx Led 4k 55  110v - 127v,12599,MLM-TELEVISIONS,Samsung
11,MLM1657199962,Smart Tv LG Uhd 76 Series 50up7670puc Lcd 4k 50  100v/240v,8134,MLM-TELEVISIONS,LG
12,MLM1523213655,Pantalla Smart Tv Hisense 55 Pulgadas 4k Uhd Google Tv 60hz Dolby Vision Hdr,7999,MLM-TELEVISIONS,Hisense
13,MLM1842854871,Smart Tv Samsung Series 7 Un75au7000fxzx Led 4k 75  110v - 127v,18999,MLM-TELEVISIONS,Samsung
14,MLM1648054781,Smart Tv LG Aub Series 55uq8000aub Led 4k 55  120v,7999,MLM-TELEVISIONS,LG
15,MLM1727784900,Pantalla Tcl Led 55  Smart 4k Uhd Android Tv 55a547,8299,MLM-TELEVISIONS,TCL
16,MLM1417452707,Smart Tv Hisense R6e Series 58r6e Led 4k 58  120v,7189,MLM-TELEVISIONS,Hisense
17,MLM1759866791,Smart Tv Hisense Series A6 75a6h Lcd 4k 75  120v,16999,MLM-TELEVISIONS,Hisense
18,MLM1774309142,Smart Tv Hisense U6 Series 50u6h Lcd 4k 50  120v,10999,MLM-TELEVISIONS,Hisense
19,MLM1656699986,Smart Tv Hisense 50 Alexa Quantum Dot Uled Fire Tv 4k Hdr /u,6889,MLM-TELEVISIONS,Hisense
20,MLM1507716909,Smart Tv Hisense 43a60gv Led 4k 43 ,6634,MLM-TELEVISIONS,Hisense
21,MLM1498357186,Smart Tv Hisense A6 Series 55a6g Led 4k 55  120v,7999,MLM-TELEVISIONS,Hisense
22,MLM1385658427,Smart Tv Sony A80j Series Xr-55a80j Oled 4k 55  110v/240v,19999,MLM-TELEVISIONS,Sony
23,MLM1683294973,Smart Tv Tcl 6 Series 55r646 Qled 4k 55 ,13542,MLM-TELEVISIONS,TCL
24,MLM1464331958,Smart Tv Samsung Series 7 Un43tu7000fxza Led 4k 43  110v - 120v,6499,MLM-TELEVISIONS,Samsung
25,MLM1852994793,Smart Tv Samsung Series 7 Un55au7000fxzx Led 4k 55  100v - 127v,10290,MLM-TELEVISIONS,Samsung
26,MLM1768474640,Smart Tv Samsung Series 7 Un65tu700dfxza Led 4k 65  110v - 120v,11900,MLM-TELEVISIONS,Samsung
27,MLM1696740012,Smart Tv Hisense 65a65hv Led 4k 65 ,10899,MLM-TELEVISIONS,Hisense
28,MLM1707277496,Smart Tv Tcl 4-series 55s446 Led 4k 55 ,7999,MLM-TELEVISIONS,TCL
29,MLM1778569398,Smart Tv Samsung Series 7 Un65au7000fxzx Led 4k 65  110v - 127v,15009,MLM-TELEVISIONS,Samsung
30,MLM1684916677,Smart Tv Philips 5700 Series 55pfl5766/f7 Lcd 4k 55  120v,7699,MLM-TELEVISIONS,Philips
31,MLM1587165763,Television Sony 55 Pulgadas Smart Tv Kd-55x75k Led 4k,10999,MLM-TELEVISIONS,Sony
32,MLM1818067591,Smart Tv Hisense Series U6 75u6h Lcd 4k 75  120v,17999,MLM-TELEVISIONS,Hisense
33,MLM1714549183,Smart Tv LG Series Aub 65uq8000aub Led 4k 65  120v,10799,MLM-TELEVISIONS,LG
34,MLM1532905999,Smart Tv Hisense A6 Series 43a6h Led 4k 43  120v,5599,MLM-TELEVISIONS,Hisense
35,MLM1770715770,Smart Tv LG Aub Series 50uq8000aub Lcd 4k 50  120v,7441,MLM-TELEVISIONS,LG
36,MLM1481746474,Pantalla Hisense U8h 55'' Mini Led Uled U8 4k Google Tv,15999,MLM-TELEVISIONS,Hisense
37,MLM1486188684,Smart Tv Hisense A6g Series 70a6g Lcd 4k 70  120v,12243,MLM-TELEVISIONS,Hisense
38,MLM724351167,Smart Tv Hisense R Series 50r6e Led 4k 50  120v,7291,MLM-TELEVISIONS,Hisense
39,MLM1748938963,Smart Tv LG Aub Series 43uq8000aub Led 4k 43  120v,6399,MLM-TELEVISIONS,LG
40,MLM1548124909,Televisor Daewoo Daw50ur 50 Smart Roku Hd,6984,MLM-TELEVISIONS,Daewoo
41,MLM1831679943,Televisor Sony Led Mod. Kd-65x75k,18499,MLM-TELEVISIONS,Sony
42,MLM1886496176,Smart Tv Tcl A4 Series 65a445 4k 65 ,12697,MLM-TELEVISIONS,TCL
43,MLM1648054741,Smart Tv Toshiba M550 Series 55m550ku Lcd 4k 55  120v,7999,MLM-TELEVISIONS,Toshiba
44,MLM1765294566,Smart Tv Samsung Series 7 Un55tu7000fxza Led 4k 55  110v - 120v,8250,MLM-TELEVISIONS,Samsung
45,MLM1426701298,Smart Tv Hisense U6gr Series 55u6gr5 Lcd 4k 55  120v,8332,MLM-TELEVISIONS,Hisense
46,MLM1431595689,Smart Tv Hisense R7 Series 43r7g5 Lcd 4k 43  120v,6299,MLM-TELEVISIONS,Hisense
47,MLM1463396154,Smart Tv Samsung Series 8 Qn55q80aafxzx Qled 4k 55  110v - 127v,45867,MLM-TELEVISIONS,Samsung
48,MLM1630584906,Smart Tv Sansui Smx55f3uad Dled 4k 55  100v/240v,7149,MLM-TELEVISIONS,Sansui
49,MLM1684864926,Smart Tv Hisense 75r6e 4k 75 ,16999,MLM-TELEVISIONS,Hisense
50,MLM1842696094,Smart Tv Samsung Series 7 Un70au7000fxzx Led 4k 70  110v - 127v,16369,MLM-TELEVISIONS,Samsung
51,MLM1416940083,Smart Tv Hisense R6 Series 65r6e Led 4k 65 ,8909,MLM-TELEVISIONS,Hisense
52,MLM1510104356,Smart Tv Sansui Smx50v1ua Led 4k 50  100v/240v,7945,MLM-TELEVISIONS,Sansui
53,MLM1714491293,Smart Tv Toshiba C350 Series 55c350ku Lcd 4k 55  120v,8499,MLM-TELEVISIONS,Toshiba
54,MLM1730535579,Smart Tv Hisense A6gr Series 58a6gr Led 4k 58  120v,9449,MLM-TELEVISIONS,Hisense
55,MLM1856315907,Smart Tv Element E4aa55r Dled 4k 55 ,9999,MLM-TELEVISIONS,Element
56,MLM1468193209,Smart Tv Philips 5700 Serie 43pfl5766/f7 Led 4k 43  120v,5499,MLM-TELEVISIONS,Philips
57,MLM1819102391,Smart Tv Jvc Si55urf 4k 55 ,8119,MLM-TELEVISIONS,JVC
58,MLM1742982222,Smart Tv Sony X80ck Series Kd-55x80ck Lcd 4k 55  110v/240v,11146,MLM-TELEVISIONS,Sony
59,MLM1751325079,Smart Tv Onn. V-series 100012587 Dled 4k 65 ,7999,MLM-TELEVISIONS,Onn.
60,MLM1697099037,Smart Tv Tcl 4-series 65s453 Led 4k 65 ,12599,MLM-TELEVISIONS,TCL
61,MLM1490985296,Pantalla Tcl 55'' 55s453 4 Series 4k Uhd Hdr Led Roku Tv ,7999,MLM-TELEVISIONS,TCL
62,MLM1599142987,Smart Tv Element E4aa43r Dled 4k 43 ,5299,MLM-TELEVISIONS,Element
63,MLM1802325215,Smart Tv Jvc Si50urf Led 4k 50 ,7279,MLM-TELEVISIONS,JVC
64,MLM1611553498,Smart Tv Samsung Series 8 Un50au8000fxzx Led 4k 50  110v - 127v,10579,MLM-TELEVISIONS,Samsung
65,MLM1684916305,Smart Tv Sansui Series 4k Android Tv Smx43t1ua Dled 4k 43  100v/240v,5520,MLM-TELEVISIONS,Sansui
66,MLM1362485130,Smart Tv Samsung Series 7 Un43au7000fxzx Led 4k 43  110v - 127v,7646,MLM-TELEVISIONS,Samsung
67,MLM1856315237,Smart Tv Westinghouse Ux Series Wr50ut4212 Dled 4k 50  100v/240v,7999,MLM-TELEVISIONS,WestingHouse
68,MLM1479881301,Smart Tv Tcl A4-serie 55a445 Led 4k 55 ,8799,MLM-TELEVISIONS,TCL
69,MLM1524243747,Smart Tv Hisense 50u60h Uled 4k 50 ,7899,MLM-TELEVISIONS,Hisense
70,MLM1490978988,Pantalla Tcl 50s453 50'' 4k Uhd Hdr10 Roku Tv Dolby Digital+,8199,MLM-TELEVISIONS,TCL
71,MLM1779495928,Smart Tv Samsung Series 7 Un50au7000fxzx Led 4k 50  110v - 127v,9240,MLM-TELEVISIONS,Samsung
72,MLM1791557483,Smart Tv Samsung Series 7 Un58tu7000fxza Led 4k 58  110v - 120v,9391,MLM-TELEVISIONS,Samsung
73,MLM1648086971,Smart Tv LG Ai Thinq 75un9070aud Ips 4k 75  120v,18999,MLM-TELEVISIONS,LG
74,MLM1723040176,Smart Tv Samsung Series 7 Un60au7000fxzx Led 4k 60  110v - 127v,13232,MLM-TELEVISIONS,Samsung
75,MLM1647951765,Smart Tv Toshiba C350 Series 50c350ku Lcd 4k 50  120v,6899,MLM-TELEVISIONS,Toshiba
76,MLM1661647522,Smart Tv Hisense 58h6500g Lcd 4k 58  120v,20499,MLM-TELEVISIONS,Hisense
77,MLM1767083481,Television Philips 50pfl5766/f7 Android Tv Pantalla 4k Uhd,8749,MLM-TELEVISIONS,Philips
78,MLM944399547,Smart Tv Samsung Series 7 Un50tu7000fxzx Led 4k 50 ,10001,MLM-TELEVISIONS,Samsung
79,MLM1794685322,Smart Tv LG Zue Series 55uq7070zue Lcd 4k 55  120v,8602,MLM-TELEVISIONS,LG
80,MLM1613350558,Smart Tv Tcl 4-series 50s431 Led 4k 50 ,7199,MLM-TELEVISIONS,TCL
81,MLM1688070137,Smart Tv Hisense R6 Series 55r6g Lcd 4k 55  120v,8197,MLM-TELEVISIONS,Hisense
82,MLM1684864572,Smart Tv Sansui 4k Roku Tv Smx55p7ur Dled 4k 55  100v/240v,7460,MLM-TELEVISIONS,Sansui
83,MLM1506582153,Smart Tv Hisense Series A6 75a6h Flat 4k 75'' 120v ,16999,MLM-TELEVISIONS,Hisense
84,MLM1486941352,Pantalla Hisense A6gv 43'' 4k Uhd Dolby Vision Vidaa Tv,6499,MLM-TELEVISIONS,Hisense
85,MLM1851017571,Smart Tv Tcl 4-series 50s451 Led 4k 50 ,10999,MLM-TELEVISIONS,TCL
86,MLM1526259103,Smart Tv Hisense A6 Series 65a6h Lcd 4k 65  120v,10952,MLM-TELEVISIONS,Hisense
87,MLM1503009345,Smart Tv Xiaomi L43m6-6a Led 4k 43  100v/240v,6304,MLM-TELEVISIONS,Xiaomi
88,MLM1467283630,Smart Tv Tcl 4-series 55s431 Led 4k 55 ,9470,MLM-TELEVISIONS,TCL
89,MLM1794290968,Smart Tv LG Zue Series 50uq7070zue Lcd 4k 50  120v,6999,MLM-TELEVISIONS,LG
90,MLM1748765917,Smart Tv LG 76 Series 65up7670puc Lcd 4k 65  100v/240v,10399,MLM-TELEVISIONS,LG
91,MLM1526632328,Smart Tv Samsung Series 7 Un50tu700dfxza Led 4k 50  110v - 120v,9113,MLM-TELEVISIONS,Samsung
92,MLM1434824647,Smart Tv Hisense R7g Series 50r7g5 Lcd 4k 50  120v,7249,MLM-TELEVISIONS,Hisense
93,MLM1465772854,Smart Tv Samsung Series 8 Un65au8000fxzx Led 4k 65  110v - 127v,15968,MLM-TELEVISIONS,Samsung
94,MLM1465915144,Smart Tv Samsung Series 8 Un70tu700dfxza Led 4k 70  110v - 120v,15999,MLM-TELEVISIONS,Samsung
95,MLM1453299571,Smart Tv LG Uhd 90 Series 86un9070aud Lcd 4k 86  120v,30999,MLM-TELEVISIONS,LG
96,MLM1703882933,Smart Tv LG Thinq Ai 65qned80sqa 4k 65  100v/240v,16898,MLM-TELEVISIONS,LG
97,MLM1820702487,Pantalla Onn 100012585 50  2160p 4k Uhd Roku Smart Led Tv,5299,MLM-TELEVISIONS,Onn.
98,MLM1602404206,Smart Tv Toshiba C350-series Fire Tv 65c350ku Lcd 4k 65  120v,10888,MLM-TELEVISIONS,Toshiba
99,MLM1604401067,Smart Tv Sony A80j Series Xr-65a80j Oled 4k 65  110v/240v,29999,MLM-TELEVISIONS,Sony
100,MLM1505381637,Smart Tv Hisense 55a6gv Led 4k 55 ,9083,MLM-TELEVISIONS,Hisense
101,MLM1840195137,Television Tcl 43s431 43 PuLG 4k (2160p) Roku Smart Led Tv,6998,MLM-TELEVISIONS,TCL
102,MLM1609251513,Smart Tv Samsung Series 8 Un55au8200fxzx Led 4k 55  110v - 127v,13037,MLM-TELEVISIONS,Samsung
103,MLM1785031838,Smart Tv LG Puj Series 50uq7570puj Lcd 4k 50  120v,8249,MLM-TELEVISIONS,LG
104,MLM1791627741,Smart Tv Hisense U6 Series 65u6h Lcd 4k 65  120v,13999,MLM-TELEVISIONS,Hisense
105,MLM1822446054,Smart Tv Samsung Series 7 Un75tu7000fxza Led 4k 75  110v - 120v,16999,MLM-TELEVISIONS,Samsung
106,MLM1832047034,Smart Tv Hisense U7 Series 65u7h Lcd 4k 65  120v/220v,15499,MLM-TELEVISIONS,Hisense
107,MLM1744772405,Smart Tv Philips 5000 Series 75pfl5604/f7 Lcd 4k 75  120v,14999,MLM-TELEVISIONS,Philips
108,MLM1531942760,Pantalla Hisense 65a65hv 65'' 4k Hdr Dolby Atmos Vidaa Tv,10899,MLM-TELEVISIONS,Hisense
109,MLM1744347899,Smart Tv Sony Series X85k Kd-85x85k Lcd 4k 85  110v/240v,37999,MLM-TELEVISIONS,Sony
110,MLM1820633978,Smart Tv Vizio V Series V555-j01 4k 55 ,8900,MLM-TELEVISIONS,Vizio
111,MLM1431601561,Smart Tv Sony Bravia Xbr-65x81ch Lcd 4k 65  100v/240v,15999,MLM-TELEVISIONS,Sony
112,MLM1832279399,Smart Tv Jvc Lt-43maw595 Lcd 4k 43  100v/240v,6999,MLM-TELEVISIONS,JVC
113,MLM1743967717,Smart Tv Sony X80k Series Kd-43x80k Lcd 4k 43  110v/240v,11999,MLM-TELEVISIONS,Sony
114,MLM1490959998,Televisor Tcl 43s453  4-series De 43¨ Voltaje 120v /  60 Hz,6699,MLM-TELEVISIONS,TCL
115,MLM1714549193,Smart Tv Samsung Series 7 Un82tu700dfxza 4k 82  110v - 120v,28999,MLM-TELEVISIONS,Samsung
116,MLM1617476968,Smart Tv Hisense U6gr Series 65u6gr Uled 4k 65  120v,12868,MLM-TELEVISIONS,Hisense
117,MLM1424220972,Toshiba 55 Led 4k Smart Fire Tv Bluetooth Alexa Voz 55m550ku,7999,MLM-TELEVISIONS,Toshiba
118,MLM1661801720,Pantalla 55 Pulgadas Tcl Uhd 4k Android Tv 55a547,8299,MLM-TELEVISIONS,TCL
119,MLM1708363764,Sansui Tv Smx50t1un 50  Smart Tv Uhd 4k 2022 (50  Smart Uhd),7490,MLM-TELEVISIONS,Sansui
120,MLM1790487666,Smart Tv Sony Kd-50x80k 50  110v/240v,13999,MLM-TELEVISIONS,Sony
121,MLM1747285942,Smart Tv Insignia F30 Series Ns-65df710na21 Led 4k 65 ,10999,MLM-TELEVISIONS,Insignia
122,MLM1454955518,Smart Tv Philips 55 Led 4k Bluetooth Android 55pfl5766/f7,7699,MLM-TELEVISIONS,Philips
123,MLM1779797229,Smart Tv Philips 4700 Series 65pfl4756/f7 Lcd 4k 65  120v,12998,MLM-TELEVISIONS,Philips
124,MLM1761339098,Smart Tv LG Ai Thinq 65nano85spa Lcd 4k 65  100v/240v,15527,MLM-TELEVISIONS,LG
125,MLM1468343770,Smart Tv LG 55 Led 4k Uhd 60hz Alexa Full Web 55uq8000aub,7999,MLM-TELEVISIONS,LG
126,MLM1748753860,Smart Tv Sony X85 Series Kd-65x85k Lcd 4k 65  110v/240v,22999,MLM-TELEVISIONS,Sony
127,MLM1748752958,Smart Tv LG 85 Series 75nano85apa Nanocell 4k 75  120v,21999,MLM-TELEVISIONS,LG
128,MLM1531942761,Smart Tv Hisense 75'' Uled 4k Quantum Dot Google Tv 75u6h,19899,MLM-TELEVISIONS,Hisense
129,MLM1424183799,Toshiba 55 Led 4k Smart Fire Tv Bluetooth Alexa Voz 55c350ku,8499,MLM-TELEVISIONS,Toshiba
130,MLM1371478521,Smart Tv LG 55un6955zuf Lcd 4k 55  120v,13842,MLM-TELEVISIONS,LG
131,MLM1414157226,Smart Tv Tcl S4-series 65s443 Led 4k 65 ,16909,MLM-TELEVISIONS,TCL
132,MLM1755568985,Smart Tv Sony Xbr-85x81ch Lcd 4k 85  110v/240v,42999,MLM-TELEVISIONS,Sony
133,MLM1705671204,Smart Tv Hisense U7 Series 75u7g Lcd 4k 75  120v,21999,MLM-TELEVISIONS,Hisense
134,MLM1414874796,Smart Tv Tcl S4-serie 55s443 Led 4k 55 ,8429,MLM-TELEVISIONS,TCL
135,MLM1854104502,Pantalla Sharp 55 Pulgadas 4k Uhd Smart Roku 4t-c55dl7ur,9387,MLM-TELEVISIONS,Sharp
136,MLM1486465085,Smart Tv Samsung The Frame Qn50ls03aafxzx Qled 4k 50  110v - 127v,18690,MLM-TELEVISIONS,Samsung
137,MLM1524045961,Smart Tv Tcl A4-serie 50a445 Led 4k 50 ,7728,MLM-TELEVISIONS,TCL
138,MLM1779620676,Smart Tv Sony X90k Series Xr-55x90k Lcd 4k 55  110v/240v,19999,MLM-TELEVISIONS,Sony
139,MLM852239255,Smart Tv Hisense 43r6000gm Led 4k 43  120v,9999,MLM-TELEVISIONS,Hisense
140,MLM1460828383,Smart Tv LG Ai Thinq 60up7700psb Lcd 4k 60  100v/240v,14989,MLM-TELEVISIONS,LG
141,MLM1335854959,Pantalla Samsung Au7000 75'' Uhd 4k 60hz Hdr Bluetooth 2021,19527,MLM-TELEVISIONS,Samsung
142,MLM1393912417,Smart Tv Samsung Series 7 Un55tu7000fxzx Led 4k 55  110v - 127v,10700,MLM-TELEVISIONS,Samsung
143,MLM1803577738,Smart Tv LG Ai Thinq 50un6955zuf Lcd 4k 50  120v,10499,MLM-TELEVISIONS,LG
144,MLM1826648770,Smart Tv Sony Kd-75x80k Lcd 4k 75  110v/240v,24999,MLM-TELEVISIONS,Sony
145,MLM1819158252,Smart Tv Hisense R6 Series 75r6030g Lcd 4k 75  120v,15999,MLM-TELEVISIONS,Hisense
146,MLM1872673712,Smart Tv Samsung Un60tu700dfxza 4k 60  110v - 120v,10999,MLM-TELEVISIONS,Samsung
147,MLM1791368441,Smart Tv Jvc Si70ur 4k 70 ,14884,MLM-TELEVISIONS,JVC
148,MLM678472128,Smart Tv Pantalla Hisense Led 4k 43 Pulgadas Con Roku Oferta,5149,MLM-TELEVISIONS,Hisense
149,MLM1721491022,Smart Tv Hisense U6 Series 58u6hf Lcd 4k 58  120v,8518,MLM-TELEVISIONS,Hisense
150,MLM1864012886,Smart Tv Ghia Led Netflix Uhd 50  4k 60hz,6900,MLM-TELEVISIONS,Ghia
151,MLM1417733617,Pantalla Hisense 70 Smart Tv Led 4k Android Y Alexa 70a6g,12243,MLM-TELEVISIONS,Hisense
152,MLM1452383508,Pantalla Tcl 50a445 50'' Va 4k Uhd 60hz 8ms Hdr10 Android Tv,12899,MLM-TELEVISIONS,TCL
153,MLM1812225750,Smart Tv 55  Qled 4k 2022 Samsung Qn55q60bafxzx,17991,MLM-TELEVISIONS,Samsung
154,MLM1661007802,Smart Tv LG 55 Pulgadas Aub Series Led Pantalla 4k ,8499,MLM-TELEVISIONS,LG
155,MLM1424201668,Toshiba 43 Led 4k Smart Fire Tv Bluetooth Alexa Voz 43c350ku,5999,MLM-TELEVISIONS,Toshiba
156,MLM1633890946,Pantalla Jvc 55 Pulgadas Smart Tv Roku Uhd Si55urf,8549,MLM-TELEVISIONS,JVC
157,MLM1452399402,Pantalla Tcl 55a445 55'' 4k Uhd Hdr10 Bluetooth Android Tv,19505,MLM-TELEVISIONS,TCL
158,MLM1777539628,Television Sceptre Led U550cv-umc8  Pantalla 55'' 4k Ultrahd,7124,MLM-TELEVISIONS,Sceptre
159,MLM1379922635,Pantalla Hisense A6gr Roku 58'' Uhd 4k Dolby Vision ,9449,MLM-TELEVISIONS,Hisense
160,MLM903596980,Pantalla Samsung Au7000 55'' Led Uhd 4k Hdr10+ 2021,11230,MLM-TELEVISIONS,Samsung
161,MLM1723032580,Pantalla Jvc 50 Pulgadas Uhd 4k Smart Roku,7029,MLM-TELEVISIONS,JVC
162,MLM1755452179,Smart Tv Philips 5600 Series 50pfl5602/f7 Led 4k 50  120v,6999,MLM-TELEVISIONS,Philips
163,MLM1378896832,Pantalla Samsung 65 Led 4k Smart Tv Bluetooth Un65tu700dfxza,12999,MLM-TELEVISIONS,Samsung
164,MLM1503928689,Pantalla Led Daewoo 50  Ultra Hd 4k Smart Tv Daw50ur,7619,MLM-TELEVISIONS,Daewoo
165,MLM1597929295,Smart Tv LG Ai Thinq Oled48c1psa 4k 48  100v/240v,22999,MLM-TELEVISIONS,LG
166,MLM1850665147,Smart Tv Sony Kd-55x85k Lcd 4k 55  110v/240v,17999,MLM-TELEVISIONS,Sony
167,MLM1790493525,Pantalla Tcl 65  Roku 65s425-mx,11999,MLM-TELEVISIONS,TCL
168,MLM1711288525,Smart Tv Sony Master Series Xr-83a90j Oled 4k 83  110v/240v,104999,MLM-TELEVISIONS,Sony
169,MLM1416403893,Tv Pantalla Hisense 75  4k Smart Tv Con Roku Integrado 75r6e,16999,MLM-TELEVISIONS,Hisense
170,MLM1507984679,Smart Tv Samsung 43  Series 7 Un43tu7000bxza Led 4k Uhd Hdr,8499,MLM-TELEVISIONS,Samsung
171,MLM1823427595,Smart Tv Sony X90k Series Xr-65x90k Lcd 4k 65  110v/240v,25999,MLM-TELEVISIONS,Sony
172,MLM1474795600,Smart Tv Tcl 43a445 Led 4k 43 ,7043,MLM-TELEVISIONS,TCL
173,MLM1468388009,Smart Tv LG 43 Led 4k 60hz Full Web Uhd Alexa 43uq8000aub,6399,MLM-TELEVISIONS,LG
174,MLM1644315542,Smart Tv Sony 55 Led 4k 120h Android Alexa Google Kd-55x80ck,11146,MLM-TELEVISIONS,Sony
175,MLM1814655330,Smart Tv Hisense R6 Series 43r6e3 Lcd 4k 43  120v,6099,MLM-TELEVISIONS,Hisense
176,MLM936486144,Google Tv Oled 4k Ultra Hd Y Hdr Xr-55a80j,19999,MLM-TELEVISIONS,Sony
177,MLM1714345907,Smart Tv LG 65 Pulgadas Uhd 4k 85 Series Althinq 65un8500auj,16199,MLM-TELEVISIONS,LG
178,MLM1481902555,Sansui Android Tv 43  Full  Hd Smx43t1ua 2022 ,5520,MLM-TELEVISIONS,Sansui
179,MLM1878883182,LG Pantalla Uhd Tv Ai Thinq 60  4k Smart Tv 60uq8000psb,13499,MLM-TELEVISIONS,LG
180,MLM1424165218,Toshiba 50 Led 4k Smart Fire Tv Alexa Bluetooth Voz 50c350ku,6899,MLM-TELEVISIONS,Toshiba
181,MLM1808719765,Pantalla Smart Tv 50 Pulgadas Tcl 4 Series Led 4k Roku Tv,6799,MLM-TELEVISIONS,TCL
182,MLM1405475582,Pantalla Tcl 55s546 55'' 4k Uhd Qled Dolby Atmos Android Tv,12320,MLM-TELEVISIONS,TCL
183,MLM1427895991,Smart Tv LG 75 Led 4k Bluetooth Full Web Alexa 75un9070aud,18999,MLM-TELEVISIONS,LG
184,MLM1428472936,Smart Tv Philips 50 Led 4k Android Bluetooth 50pfl5766/f7,6699,MLM-TELEVISIONS,Philips
185,MLM1707433208,Smart Tv LG 50 Led 4k 60hz Bluetooth Alexa Voz 50uq8000aub,7441,MLM-TELEVISIONS,LG
186,MLM1532964340,Smart Tv Hisense 43 Led 4k 60hz Android Alexa Google 43a65h,5599,MLM-TELEVISIONS,Hisense
187,MLM1714658548,Pantalla Jvc 50 Pulgadas Uhd 4k Smart Roku,7029,MLM-TELEVISIONS,JVC
188,MLM1498332168,Smart Tv Hisense 55 Led 4k 60hz Android Alexa Google 55a6g,7999,MLM-TELEVISIONS,Hisense
189,MLM1602721441,Smart Tv LG Thinq Ai 43uq7500psf Lcd 4k 43  100v/240v,7849,MLM-TELEVISIONS,LG
190,MLM1771911516,Hisense Pantalla 55  Uhd Android Tv 4k,15799,MLM-TELEVISIONS,Hisense
191,MLM1814383107,Smart Tv Hisense L5 Series 100l5 Lcd 4k 100 ,59999,MLM-TELEVISIONS,Hisense
192,MLM1572313249,Smart Tv Insignia 65 Qled  Fire Tv Led 4k Uhd F50 2022,10999,MLM-TELEVISIONS,Insignia
193,MLM1451109572,Smart Tv Samsung Series 7 Un43tu7000fxzx Led 4k 43  110v - 127v,7599,MLM-TELEVISIONS,Samsung
194,MLM1826786809,Smart Tv Samsung Series 8 Qn75q80bafxzx Qled 4k 75  110v - 127v,55619,MLM-TELEVISIONS,Samsung
195,MLM1821577654,Smart Tv Sony Bravia Xbr-75x90ch Lcd 4k 75  110v/240v,34999,MLM-TELEVISIONS,Sony
196,MLM1428536755,Smart Tv Philips 43 Led 4k Android Bluetooth 43pfl5766/f7,5499,MLM-TELEVISIONS,Philips
197,MLM1389823777,Smart Tv Hisense A6g Series 43a6g Lcd 4k 43  120v,8299,MLM-TELEVISIONS,Hisense
198,MLM1721071470,Smart Tv Sony A90j Series Xr-65a90j Oled 4k 65  220v - 240v,44999,MLM-TELEVISIONS,Sony
199,MLM1416872501,Pantalla Smart Tv Hisense 43 R7g5 Series 4k Uhd Roku 43r7g5,6299,MLM-TELEVISIONS,Hisense
200,MLM1793698719,Smart Tv Tcl 43s443 Led 4k 43 ,6499,MLM-TELEVISIONS,TCL
201,MLM1479763308,Google Tv 4k Ultra Hd Y Alto Rango Dinámico Hdr Kd-55x75k,10999,MLM-TELEVISIONS,Sony
202,MLM678475694,Nueva Smart Tv  Pantalla Hisense Led 4k 50 Pulgadas Con Roku,7291,MLM-TELEVISIONS,Hisense
203,MLM1648142279,Smart Tv Kalley K-led65uhdsfbt Dled 4k 65  110v/240v,9999,MLM-TELEVISIONS,Kalley
204,MLM1362181207,Smart Tv LG Ai Thinq 55up7500psf Lcd 4k 55  100v/240v,13399,MLM-TELEVISIONS,LG
205,MLM1726918104,Pantalla Tcl 75 Pulgadas Smart Tv 4k Ultra Hd 75a445,28499,MLM-TELEVISIONS,TCL
206,MLM1602411106,Pantalla Sansui Roku Tv 55 Pulgadas 4k Smx55p7ur,7460,MLM-TELEVISIONS,Sansui
207,MLM915209979,Pantalla Tcl 65s431 65  PuLG Led 4k (2160p) Roku Smart Tv,9699,MLM-TELEVISIONS,TCL
208,MLM1498911619,Pantalla Smart Tv Hisense 55 Pulgadas Roku Uhd 55r6000gm,7565,MLM-TELEVISIONS,Hisense
209,MLM1700520842,Pantalla Samsung The Sero 43 Qled 4k Hdr10+60hz 2022,24999,MLM-TELEVISIONS,Samsung
210,MLM1834372961,Smart Tv Sony Series X80ck Kd-65x80ck Lcd 4k 65  110v/240v,15999,MLM-TELEVISIONS,Sony
211,MLM898686334,Television Tcl Roku Tv 4k Ultra Hd Led Tv 43s431 43 Pulgadas,4919,MLM-TELEVISIONS,TCL
212,MLM1474032347,Smart Tv 43 Pulgadas Pantalla Led 4k Uhd Hdr10 Roku Tv,5299,MLM-TELEVISIONS,Element
213,MLM1676387031,Smart Tv 50 Pulgadas Daewoo Pantalla Led 4k Ultra Hd Roku Tv,7099,MLM-TELEVISIONS,Daewoo
214,MLM1434642410,Smart Tv LG Ai Thinq 50up751c0sf Led 4k 50  100v/240v,10199,MLM-TELEVISIONS,LG
215,MLM1419464638,Smart Tv Tcl A4-serie 65a443 Led 4k 65 ,14173,MLM-TELEVISIONS,TCL
216,MLM1665904642,Pantalla Smart Tv Hisense 55 Pulgadas 4k Uhd Google Store,8999,MLM-TELEVISIONS,Hisense
217,MLM1588529469,Smart Tv Samsung Series 6 Qn60q60aafxzx Qled 4k 60  110v - 127v,16499,MLM-TELEVISIONS,Samsung
218,MLM1622706219,Pantalla Smart Tv Onn 43 Pulgadas Dled Roku 4k Hdr 100012584,7799,MLM-TELEVISIONS,Onn.
219,MLM1621247202,Westinghouse De 55'' Smart Tv Roku 4k Uhd Hdr Wr55ux4212,6649,MLM-TELEVISIONS,Westinghouse
220,MLM1829908333,Smart Tv Hisense R6 Series 55r6e Led 4k 55  120v,9999,MLM-TELEVISIONS,Hisense
221,MLM1791202066,Smart Tv LG Ai Thinq 60uq79bfpsb Led 4k 60  100v/240v,13999,MLM-TELEVISIONS,LG
222,MLM1768455211,Smart Tv Samsung Series 7 Un65tu700dfxza Led 4k 65  ,11900,MLM-TELEVISIONS,Samsung
223,MLM1382178748,Pantalla Onn 100012586 55 PuLG Class 4k 2160p Roku Smart Tv,7600,MLM-TELEVISIONS,Onn.
224,MLM1422812676,Smart Tv Hisense R6 Series 43r6e Led 4k 43  120v Pantalla ,5990,MLM-TELEVISIONS,Hisense
225,MLM1758871362,Smart Tv Philips 5000 Series 50pfl5765/f8 Led 4k 50  120v,7999,MLM-TELEVISIONS,Philips
226,MLM1623464553,Smart Tv Hisense Series A65gv 55 Uhd 4k,7213,MLM-TELEVISIONS,Hisense
227,MLM1321051292,Pantalla Samsung Au7000 65'' Led Uhd 4k Hdr10+ 60hz 2021,17999,MLM-TELEVISIONS,Samsung
228,MLM1533764155,Smart Tv 55a6h Hisense Pantalla Led 4k Chromecast Google Tv,8799,MLM-TELEVISIONS,Hisense
229,MLM1834486799,Pantalla LG 50 Pulgadas Smart Tv Uhd 4k Al Thinq 50uq8000psb,10199,MLM-TELEVISIONS,LG
230,MLM1741006121,Pantalla LG 50 Pulgadas Uq7570 Serie Led 4k Uhd Smart 2022,8249,MLM-TELEVISIONS,LG
231,MLM1447639218,Smart Tv Hisense 55 Pulgadas Pantalla 4k Uled Roku Tv,9399,MLM-TELEVISIONS,Hisense
232,MLM1623162706,Smart Tv Samsung Series 7 Un43au7000gxug Led 4k 43  100v/240v,7999,MLM-TELEVISIONS,Samsung
233,MLM1527829361,Smart Tv Hisense R7 Series 65r7g5 Lcd 4k 65  120v,10220,MLM-TELEVISIONS,Hisense
234,MLM1355170571,Pantalla Samsung Smart Tv 70 Led 4k Bluetooth Un70tu700dfxza,14999,MLM-TELEVISIONS,Samsung
235,MLM1526165827,Smart Tv Hisense  50 Led 4k 60hz Android Google Alexa 50a65h,6999,MLM-TELEVISIONS,Hisense
236,MLM1771907960,Smart Tv Sony A80k Series Xr-55a80k Oled 4k 55  110v/240v,37999,MLM-TELEVISIONS,Sony
237,MLM1468337760,Smart Tv LG 65 Led 4k Uhd 60hz Alexa Full Web 65uq8000aub,10799,MLM-TELEVISIONS,LG
238,MLM1852867407,Smart Tv Hisense A7 Series 85a7h Lcd 4k 85  120v,36876,MLM-TELEVISIONS,Hisense
239,MLM1769615505,Smart Tv LG Ai Thinq 65up7500psf Lcd 4k 65  100v/240v,9999,MLM-TELEVISIONS,LG
240,MLM855588055,Pantalla Westinghouse Wr58ux4019 58 PuLG 4k Roku Smart Led ,8999,MLM-TELEVISIONS,Westinghouse
241,MLM1538042312,Smart Tv Samsung Series 8 Qn75q80tafxzx Qled 4k 75  110v - 127v,47999,MLM-TELEVISIONS,Samsung
242,MLM1851914847,Pantalla Led Hisense 85 Ultra Hd 4k Smart Tv 85h6570g,25999,MLM-TELEVISIONS,Hisense
243,MLM1523213654,Smart Tv Hisense 55 Led 4k Android Alexa Google Play 55a65h,7999,MLM-TELEVISIONS,Hisense
244,MLM901376361,Qn75q60tafxzx Pantalla De 75  Smart Marca Samsung Alb,42279,MLM-TELEVISIONS,Samsung
245,MLM1594244557,Smart Tv Hisense U6g Series 65u6g Uled 4k 65  120v,18299,MLM-TELEVISIONS,Hisense
246,MLM1857838100,"Pantalla Hotelera LG 55us670h, 55 Pulgadas, 3840 X 2160",13999,MLM-TELEVISIONS,LG
247,MLM1328015886,Smart Tv Hisense R6e Series 58r6e3 Led 4k 58 Modelo 2020,8999,MLM-TELEVISIONS,Hisense
248,MLM1337837961,Smart Tv Sony Bravia Xbr65a8h/a Oled 4k 65  110v/240v,37484,MLM-TELEVISIONS,Sony
249,MLM1443956795,Sony Kd-43x80k,11999,MLM-TELEVISIONS,Sony
250,MLM1573864057,Smart Tv Sony Bravia Xbr-55x850g Led 4k 55  110v/240v,14900,MLM-TELEVISIONS,Sony
251,MLM1520369812,Smart Tv Philips 75 Led 4k Android Bluetooth 75pfl5604/f7,14999,MLM-TELEVISIONS,Philips
252,MLM1651471476,Smart Tv Tcl L75p8m Led 4k 75  100v/240v,17999,MLM-TELEVISIONS,TCL
253,MLM1791640007,Pantalla Smart Tv Hisense 50 Pulgadas Uled 4k Hdr Quantum,7599,MLM-TELEVISIONS,Hisense
254,MLM1368451624,Smart Tv Samsung Series 8 Un55nu800dfxza Led 4k 55  110v - 120v,18998,MLM-TELEVISIONS,Samsung
255,MLM1399605883,Television Philips 50pfl5766/f7 Android Tv Pantalla 4k Uhd,6649,MLM-TELEVISIONS,Philips
256,MLM1464234895,Televisión LG De 50'' 50uq7070zue 4k Uhd 2160p Smarttv Led,8499,MLM-TELEVISIONS,LG
257,MLM1791798028,Smart Tv LG Ai Thinq 65up7750psb Led 4k 65  100v/240v,13999,MLM-TELEVISIONS,LG
258,MLM1411536894,Smart Tv LG 65 Serie 65up7670puc Full Web Led Bluetooth,10399,MLM-TELEVISIONS,LG
259,MLM1494230457,Google Tv 4k Ultra Hd Y Alto Rango Dinámico Hdr Kd-50x80k,13999,MLM-TELEVISIONS,Sony
260,MLM1602788833,Google Tv Oled 4k Ultra Hd Y Hdr Xr-65a80j,29999,MLM-TELEVISIONS,Sony
261,MLM1573699485,Google Tv 4k Ultra Hd Y Alto Rango Dinámico Hdr Kd-85x85k,37999,MLM-TELEVISIONS,Sony
262,MLM1800148905,Smart Tv LG Ai Thinq 55up7710psb 4k 55  100v/240v,9499,MLM-TELEVISIONS,LG
263,MLM1372349069,Onn 58 Class 4k Uhd Led Roku Smart Tv Hdr 100069454,7499,MLM-TELEVISIONS,Onn.
264,MLM1623161503,Smart Tv Hisense Series A6gv 55 Uhd 4k,7213,MLM-TELEVISIONS,Hisense
265,MLM1498885907,Pantalla Smart Tv Hisense 58 Pulgadas 4k Ultra Hd 58h6500g,9300,MLM-TELEVISIONS,Hisense
266,MLM1416410636,Pantalla Samsung 82 Led Uhd 4k Smart Tv Bluetooth Un82tu700d,28999,MLM-TELEVISIONS,Samsung
267,MLM1811231571,Smart Tv Sony X80k Series Kd-65x80k Lcd 4k 65  110v/240v,13900,MLM-TELEVISIONS,Sony
268,MLM1376700495,Smart Tv Tcl S4-serie 50s443 Led 4k 50  127v,7999,MLM-TELEVISIONS,TCL
269,MLM1440888747,Televisor Tcl Mod. 43a443 4k Smart Android,6459,MLM-TELEVISIONS,TCL
270,MLM1357447637,Tv Hisense 58 Pulgadas Smart Tv Uhd 4k 58a6gr Roku Tv Led,12529,MLM-TELEVISIONS,Hisense
271,MLM1416870215,Philips Android Smart Led 50  4k Con Google Assistant,8749,MLM-TELEVISIONS,Philips
272,MLM1602723493,Google Tv 4k Ultra Hd Y Alto Rango Dinámico Hdr Kd-65x85k,22999,MLM-TELEVISIONS,Sony
273,MLM1498931310,Pantalla Smart Tv Hisense A6 Series 55a6g Led 4k 55  ,7599,MLM-TELEVISIONS,Hisense
274,MLM1661423909,Pantalla Smart Tv Samsung 43  Series 7 Led 4k Television ,6200,MLM-TELEVISIONS,Samsung
275,MLM1416902162,Pantalla Samsung 75 Led 4k Smart Tv Bluetooth Un75tu700dfxza,17999,MLM-TELEVISIONS,Samsung
276,MLM1568409483,Smart Tv Insignia 65  Df710na21 Fire Tv Led 4k Uhd F30,10999,MLM-TELEVISIONS,Insignia
277,MLM1635168392,Pantalla LG De 65 Con Tecnología Qned Y Nanocell,17299,MLM-TELEVISIONS,LG
278,MLM1657169904,Pantalla LG 50 Pulgadas Tele Smart Tv 4k Uhd 76 Series Lcd,8134,MLM-TELEVISIONS,LG
279,MLM1693570378,LG De 65'' Smart Tv Class 4k Uhd 2160p Webos Hdr 65up7050zua,9859,MLM-TELEVISIONS,LG
280,MLM1382199150,Pantalla 43 Pulgadas Smart Tv Jvc Led 4k Uhd Roku Tv,6999,MLM-TELEVISIONS,JVC
281,MLM1481754020,Tv Philips 65  Class 4k Ultra Smart Led Hdtv - 65pfl4756/f7,12998,MLM-TELEVISIONS,Philips
282,MLM1836882568,Smart Tv Samsung 55 Pulgadas Telev Pantalla Qled 4k Q Series,13800,MLM-TELEVISIONS,Samsung
283,MLM1840175828,Smart Tv Hisense 50a7gv Led 4k 50  120v,7999,MLM-TELEVISIONS,Hisense
284,MLM1779980283,Smart Tv LG 50uq8050psb Led 4k 50  100v/240v,10186,MLM-TELEVISIONS,LG
285,MLM1852897183,Smart Tv Hyundai Hyled5808w4km 4k 58  110v/240v,11718,MLM-TELEVISIONS,Hyundai
286,MLM1392424719,Pantalla Smart Tv Hisense 58 Led 4k Roku Series 58r6e ,8999,MLM-TELEVISIONS,Hisense
287,MLM934895203,Smart Tv Tcl A4-series 55a435 Led 4k 55  110v,8599,MLM-TELEVISIONS,TCL
288,MLM1628755692,Smart Tv LG 55  Class 4k (2160p) Smart Led Tv 55uq7070zue,8602,MLM-TELEVISIONS,LG
289,MLM1483942997,Smart Tv Hisense R6 Series 65r6e4 Lcd 4k 65  120v,14999,MLM-TELEVISIONS,Hisense
290,MLM1791557457,Pantalla Smart Tv Hisense 65 Pulgadas 4k Uled Google Tv ,13999,MLM-TELEVISIONS,Hisense
291,MLM1441016243,Sony Xr-55x90k,19999,MLM-TELEVISIONS,Sony
292,MLM1721067624,Smart Tv 50 Pulgadas 4k Ultra Hd Android Tv Smx-50f3uad,7073,MLM-TELEVISIONS,Sansui
293,MLM1417729106,Pantalla Sony 85 Smart Tv X-reality Full Web 4k Xbr-85x81ch,34999,MLM-TELEVISIONS,Sony
294,MLM1339257005,Pantalla Samsung 75 Led 4k Smart Tv Bluetooth Un75tu700dfxza,21999,MLM-TELEVISIONS,Samsung
295,MLM852891827,Smart Tv Hisense R6 Series 50r6090g5 Led 4k 50  120v,7899,MLM-TELEVISIONS,Hisense
296,MLM1356004693,Tv Pioneer 50 Pulgadas 4k Smart Tv Ple-50s08uhd,8312,MLM-TELEVISIONS,Pioneer
297,MLM1628605152,Pantalla Tcl 65s431 65  PuLG Led 4k (2160p) Roku Smart Tv,9199,MLM-TELEVISIONS,TCL
298,MLM1520357984,Smart Tv Samsung Series 7 Un50au7000kxzl Led 4k 50  100v/240v,13946,MLM-TELEVISIONS,Samsung
299,MLM1414387370,Smart Tv Samsung 60 Led 4k Bluetooth Alexa Un60tu700dfxza,10999,MLM-TELEVISIONS,Samsung
300,MLM1616869749,Hisense Smart Fire Tv 50  Uled U6 Quantum Dot 4k Uhd 58u6hf,6889,MLM-TELEVISIONS,Hisense
301,MLM1452928460,Television LG 55uq7070zue Pantalla 55'' Smart Tv 4k Ultra Hd,10925,MLM-TELEVISIONS,LG
302,MLM1768961058,Smart Tv Hyundai Hyled5017w4km 4k 50 ,9199,MLM-TELEVISIONS,Hyundai
303,MLM1445479926,Smart Tv Hisense Uled U7g Premium 75'' 4k Uled - Negro,21999,MLM-TELEVISIONS,Hisense
304,MLM1779800497,Smart Tv LG Ai Thinq 43uq8000psb Lcd 4k 43  100v/240v,7616,MLM-TELEVISIONS,LG
305,MLM1411536077,Pantalla Hisense Smart Tv 55 Uled 4k Google Alexa 55u6gr5,8332,MLM-TELEVISIONS,Hisense
306,MLM1427891525,Smart Tv LG 86 Led 4k Full Web Bluetooth Alexa 86un9070aud,30999,MLM-TELEVISIONS,LG
307,MLM862247298,Pantalla Onn 100012584 43 PuLG Led 4k 2160p Roku Smart Tv,4939,MLM-TELEVISIONS,Onn.
308,MLM1416885203,Pantalla Sony Smart Tv 65 Led 4k Android Uhd Xbr-65x81ch,15999,MLM-TELEVISIONS,Sony
309,MLM1361705558,Nueva Smart Tv Jvc 50 Pulgadas Pantalla Uhd Led 4k Roku,7279,MLM-TELEVISIONS,JVC
310,MLM1507705051,Pantalla Vizio 55 PuLG 4k Smart Con Dolby Hdmi 2.1  Año 2022,7680,MLM-TELEVISIONS,Vizio
311,MLM1837107879,Pantalla Samsung 60 Smart Tv 4k Crystal Uhd Series 7 Led,10999,MLM-TELEVISIONS,Samsung
312,MLM1635366046,Pantalla Sharp 55 Pulgadas 4k Uhd Smart Roku 4t-c55dl7ur,9899,MLM-TELEVISIONS,Sharp
313,MLM1308590561,Smart Tv Hisense A6g Series 50a6g Led 4k 50  120v,10499,MLM-TELEVISIONS,Hisense
314,MLM1497483313,Television Smart Tv Onn 50'' Class 4k 100071700 2160p Qled ,6649,MLM-TELEVISIONS,Onn.
315,MLM1418901325,Smart Tv Hisense A6g Series 75a6g Ips 4k 75  100v/240v,24279,MLM-TELEVISIONS,Hisense
316,MLM1491771152,..:: Sony Pantalla 55 Pulgadas 4k ::.. Kd 55x75k,13499,MLM-TELEVISIONS,Sony
317,MLM1764183158,Smart Tv Xiaomi Mi Tv P1 43 4k Android Dolby Vision Y Audio,6499,MLM-TELEVISIONS,Xiaomi
318,MLM1329685560,Tv Samsung 55 Pulgadas 4k Ultra Hd Smart Tv Led Un55au7000,12379,MLM-TELEVISIONS,Samsung
319,MLM1451083558,Pantalla 55 PuLG 4k Smart Vizio Con Dolby Hdmi 2.1 Año 2022,8900,MLM-TELEVISIONS,Vizio
320,MLM1361119468,Tv 55 Pulgadas Tcl Smart Tv Uhd 4k Led 55a445 Android Tv,8589,MLM-TELEVISIONS,TCL
321,MLM1378834739,Pantalla Samsung 58 Led 4k Smart Tv Bluetooth Un58tu700dfxza,9999,MLM-TELEVISIONS,Samsung
322,MLM923575277,Pantalla Onn 100012585 50  2160p 4k Uhd Roku Smart Led Tv,6934,MLM-TELEVISIONS,Onn.
323,MLM1560615599,Television Philips 65pfl4864/f7 Smart Tv 65 Pulgadas 4k Uhd,8599,MLM-TELEVISIONS,Philips
324,MLM1385624953,Television Rca Rwosu5847 58 Pulgadas Hdr 4k Uhd Smart Tv,7999,MLM-TELEVISIONS,RCA
325,MLM1448482237,"Android Tv Master Series Oled 4k Ultra Hd Y Hdr, Xbr-48a9s",17999,MLM-TELEVISIONS,Sony
326,MLM853433969,Pantalla Jvc Lt-55maw595 55  PuLG Led 4k Smart Uhdtv,7599,MLM-TELEVISIONS,JVC
327,MLM1544521361,Pantalla Sansui 55 Pulgadas Android Tv 2022 Smart Tv,10699,MLM-TELEVISIONS,Sansui
328,MLM1471935386,Smart Tv Sony Bravia Xr-a95k 4k Hdr Oled Google Tv (2022),69989,MLM-TELEVISIONS,Sony
329,MLM1602732856,Google Tv 4k Ultra Hd Y Alto Rango Dinámico Hdr Kd-55x85k,17999,MLM-TELEVISIONS,Sony
330,MLM1425559938,Smart Tv Vizio 65 Led 4k 60hz Pantalla Serie M657-g0 Quantum,10999,MLM-TELEVISIONS,Vizio
331,MLM1346978614,Television  Samsung Un43au8000fxza 4k Crystal Smart Tv 2021,8499,MLM-TELEVISIONS,Samsung
332,MLM1526239832,Smart Tv Hisense 65 Led 4k Android Google Play Alexa 65a65h,10952,MLM-TELEVISIONS,Hisense
333,MLM1573691496,Google Tv Master Series Oled 4k Ultra Hd Y Hdr Xr-83a90j,104999,MLM-TELEVISIONS,Sony
334,MLM1440900214,Kd-65x80k,19999,MLM-TELEVISIONS,Sony
335,MLM1769240875,Smart Tv Hisense U6 Series  55 Pulgadas 58u6hf Lcd 4k 120v ,9199,MLM-TELEVISIONS,Hisense
336,MLM939080811,Pantalla LG 55un6955zuf 55 PuLG Class Led 4k Smart Tv 2020,9499,MLM-TELEVISIONS,LG
337,MLM1710556835,Pantalla Jvc 70 Pulgadas Smart Tv Uhd Roku,14884,MLM-TELEVISIONS,JVC
338,MLM1505261628,Pantalla LG De 65  Con Tecnologia Qned Y Nanocell,16898,MLM-TELEVISIONS,LG
339,MLM1516329767,Google Tv 4k Ultra Hd Y Alto Rango Dinámico Hdr Kd-75x80k,24999,MLM-TELEVISIONS,Sony
340,MLM947938451,Tv Vizio 58 Pantalla Led 4k Smart Tv Full Web Chromecast,8999,MLM-TELEVISIONS,Vizio
341,MLM1494195107,Smart Tv Samsung 55'' 4k + Soporte De Pared Un55tu7000bxza,9499,MLM-TELEVISIONS,Samsung
342,MLM1443956868,"Bravia Xr Full Array Led, 4k Ultra Hd Y Hdr, Xr-65x90k",25999,MLM-TELEVISIONS,Sony
343,MLM1791551231,Pantalla Samsung 58 Smart Tv 4k Crystal Uhd Series 7 Led,9391,MLM-TELEVISIONS,Samsung
344,MLM1355052581,Tv Jvc 50 Pulgadas Smart Tv Frameless Uhd 4k Si50urf Roku Tv,7785,MLM-TELEVISIONS,JVC
345,MLM1837262981,Smart Tv LG 70 Pulgadas Uhd Series Led Pantalla 4k Hdr Tele,16200,MLM-TELEVISIONS,LG
346,MLM1823769049,Pantalla Smart Tv Tcl 50 Pulgadas Roku Led 4k Uhd Hdr 50s455,6549,MLM-TELEVISIONS,TCL
347,MLM841522237,Pantalla Hisense Smart Tv 58 Pulgadas Roku 4k Hdr 58r6e3 ,9519,MLM-TELEVISIONS,Hisense
348,MLM1632204667,Hisense Smart Fire Tv 58 Uled U6 Quantum Dot 4k Uhd 58u6hf,15999,MLM-TELEVISIONS,Hisense
349,MLM1617484663,Hisense Smart Fire Tv 58 Uled U6 Quantum Dot 4k + Repetidor,15999,MLM-TELEVISIONS,Hisense
350,MLM1469492233,Pantalla 4k Smart Tv 86 Pulgadas Uhd LG 86up8050psb ,47950,MLM-TELEVISIONS,LG
351,MLM1481986154,Smart Tv Samsung Series 6 Qn55q60aafxzx Qled 4k 55  110v,13899,MLM-TELEVISIONS,Samsung
352,MLM862249647,LG 43  Class 4k Uhd 2160p Smart Tv 43un6950zua Modelo 2020,6649,MLM-TELEVISIONS,LG
353,MLM1385906033,Pantalla Hisense 70 Smart Tv Led 4k Android Y Alexa 70a6g,15999,MLM-TELEVISIONS,Hisense
354,MLM858489610,Onn Smart Tv Led Roku De 50  Clase 4k Uhd 100021258,6745,MLM-TELEVISIONS,Onn.
355,MLM1834325451,Smart Tv Hyundai Hyled-49uhd 4k 49  110v/240v,12000,MLM-TELEVISIONS,Hyundai
356,MLM1812265953,Pantalla Tcl 50 Pulgadas Smart 4k Uhd Roku Tv 50s451,10999,MLM-TELEVISIONS,TCL
357,MLM1506210132,Smart Tv 4k Sansui 50 Pulgadas Pantalla Hd Android Tv Smx50v,8059,MLM-TELEVISIONS,Sansui
358,MLM1608672535,Smart Tv Hisense 43 Pul Roku Tv R6 Series 43r6e Led 4k ,8999,MLM-TELEVISIONS,Hisense
359,MLM1689063217,Hisense Smart Fire Tv 58 Uled U6 Quantum Dot 4k Uhd 58u6hf,13100,MLM-TELEVISIONS,Hisense
360,MLM1357388785,Smart Tv Hisense 50 Pulgadas R7g5 Series 4k Uhd Roku 50r7g5,7249,MLM-TELEVISIONS,Hisense
361,MLM1309669112,Pantalla LG Smart Tv Lcd 55un6955zuf 55'' 4k Ultra Hd,16781,MLM-TELEVISIONS,LG
362,MLM1628605002,Pantalla De 75  Qled 4k Smart Samsung Qn75q80bafxzx Alb,55619,MLM-TELEVISIONS,Samsung
363,MLM1795653845,LG Pantalla Oled Evo 4k Oled65g2psa Gallery 2022,38899,MLM-TELEVISIONS,LG
364,MLM1791627462,Pantalla Smart Tv Hisense 50 Pulgadas 4k Uled Quantum 2022,7399,MLM-TELEVISIONS,Hisense
365,MLM1706934214,Smart Tv LG 50  Class 4k (2160p) Smart Led Tv 50uq7070zue,6999,MLM-TELEVISIONS,LG
366,MLM1755567723,Smart Tv Philips 50 Led 4k Android Bluetooth 50pfl5766/f7,6999,MLM-TELEVISIONS,Philips
367,MLM862268611,Pantalla Jvc Lt-58maw595 58  PuLG Class Led 4k Roku Smart Tv,7899,MLM-TELEVISIONS,JVC
368,MLM1416907967,Pantalla Smart Tv Hisense R6 Series 65r6e Led 4k 65 ,8909,MLM-TELEVISIONS,Hisense
369,MLM888174246,Pantalla Jvc Lt-43maw595 43  PuLG 4k Led Hd Smart Tv,5652,MLM-TELEVISIONS,JVC
370,MLM1550536631,Pantalla Samsung The Sero 43'' Qled 4k Hdr10+ 60hz 2022,24999,MLM-TELEVISIONS,Samsung
371,MLM1419050592,Pantalla Smart Tv Tcl Led 43 Uhd 4k 60hz 43s453 Roku Tv,6499,MLM-TELEVISIONS,TCL
372,MLM796850122,Pantalla Led Smart Tv Samsung 65 Pulgadas 4k Hdr Bluetooth,18499,MLM-TELEVISIONS,Samsung
373,MLM1416906075,Pantalla Smart Tv  Sony 65  Lcd 4k Uhd Xbr-65x90ch,16999,MLM-TELEVISIONS,Sony
374,MLM1768643871,Pantalla LG 50uq75 50  4k Quad Core Edge Led 88 Ppi /v,11049,MLM-TELEVISIONS,LG
375,MLM1313390541,Smart Tv 43  Samsung Led Uhd 4k Un43au7000fxzx Wifi Hdmi,7989,MLM-TELEVISIONS,Samsung
376,MLM1352997884,Pantalla Smart Tv Hisense 43 Roku 4k Ultra Hd Hdr Dts 43r6e3,6099,MLM-TELEVISIONS,Hisense
377,MLM1425577780,Smart Tv Hisense H6f Series 55h6f Led 4k 55  120v,10599,MLM-TELEVISIONS,Hisense
378,MLM947913995,Tv Sony 65 Pantalla Led 4k Uhd Smart Full Web Xbr-65x90ch,16999,MLM-TELEVISIONS,Sony
379,MLM1539707341,Smart Tv Vizio V-series V435-h1 Led 4k 43  120v,6035,MLM-TELEVISIONS,Vizio
380,MLM862267674,Pantalla Jvc Lt-43maw605 43  Class 4k (2160p) Led Smart Tv,5799,MLM-TELEVISIONS,JVC
381,MLM1623181037,Pantalla Smart Tv Hisense Series A6gr 58 Uhd 4k,8588,MLM-TELEVISIONS,Hisense
382,MLM1854214934,Smart Tv Hisense 50 Alexa Quantum Dot Uled Fire Tv 4k Msi,7724,MLM-TELEVISIONS,Hisense
383,MLM1632211351,Hisense Smart Fire Tv 50  Uled U6 Quantum Dot 4k Uhd 50u6hf,12999,MLM-TELEVISIONS,Hisense
384,MLM1808409282,Philips De 55'' 4k 2160p Led Smart Tv 55pfl5756/f7 + Soporte,6934,MLM-TELEVISIONS,Philips
385,MLM1385608951,Televisión Onn 70 Class 4k Uhd Led Roku Smart Hdr 100068378,18000,MLM-TELEVISIONS,Onn.
386,MLM1493351367,Smart Tv Tcl 55'' 4k Qled + Soporte De Pared 55s531,8709,MLM-TELEVISIONS,TCL
387,MLM1344830240,Proyector Hisense Laser Tv 100'' Hdr10 4k 60 Hz Android Tv ,59999,MLM-TELEVISIONS,Hisense
388,MLM857933558,Pantalla Samsung Un43tu7000fxza 43 PuLG Led 4k Smart Tv 2020,7029,MLM-TELEVISIONS,Samsung
389,MLM1509203558,Smart Tv Samsung Series 7 Un50au7000fxzx Led 4k 50  ,10818,MLM-TELEVISIONS,Samsung
390,MLM1362421615,Pantalla Television Smart Tv Samsung Series 7 Led 4k 43 ,7646,MLM-TELEVISIONS,Samsung
391,MLM1530768961,Pantalla Hisense Uled 4k 65  Google Control Voz Alexa 65u6h,15680,MLM-TELEVISIONS,Hisense
392,MLM1493460874,Smart Tv LG 50'' 4k 2160p + Soporte De Pared 50uq7070zue,8169,MLM-TELEVISIONS,LG
393,MLM1716368412,Pantalla LG Uhd Ai Thinq 60  4k Smart Tv Mod.60uq79bfpsb,14249,MLM-TELEVISIONS,LG
394,MLM1753153144,Pantalla Samsung 65 Led 4k Smart Tv Bluetooth Un65tu700dfxza,11265,MLM-TELEVISIONS,Samsung
395,MLM1794099806,Tv Samsung Qled 55  Q60ba Smart Qn55q60bafxzx,17991,MLM-TELEVISIONS,Samsung
396,MLM1493197523,Smart Tv LG 55'' 4k 2160p + Soporte De Pared 55uq7070zue,8999,MLM-TELEVISIONS,LG
397,MLM1384222585,Television Philips 65pfl4756/f7 65 Pulgadas 4k Uhd Roku Tv,10999,MLM-TELEVISIONS,Philips
398,MLM1416568077,Pantalla Tcl 50 Pulgadas Smart Tv 4k Ultra Hd 50a445,8199,MLM-TELEVISIONS,TCL
399,MLM1788402682,Television LG 65up7050puj Smart Tv Webos 65'' 4k Ultra Hd,9999,MLM-TELEVISIONS,LG
400,MLM1696830013,Google Tv Oled 4k Ultra Hd Y Hdr Xr-55a80k,37999,MLM-TELEVISIONS,Sony
401,MLM1516371877,Pantalla Tcl 65 Pulgadas Smart Tv 4k Ultra Hd 65a445 Android,13499,MLM-TELEVISIONS,TCL
402,MLM1776188722,Smart Tv LG Ai Thinq 60up8050psb Lcd 4k 60  100v/240v,18999,MLM-TELEVISIONS,LG
403,MLM1508934257,Smart Tv Samsung Series 7 Un43au7000fxzx Led 4k 43  ,8419,MLM-TELEVISIONS,Samsung
404,MLM1776003425,Pantalla LG 43 Led 4k Smart Tv Bluetooth Google 43up7670puc,7799,MLM-TELEVISIONS,LG
405,MLM1774763581,Television Tcl 65s41  Pantalla Led 4k Smart Tv 65  Pulgadas,8499,MLM-TELEVISIONS,TCL
406,MLM1820792926,Pantalla Smart Tv 43 Tcl 4 Series Led 4k 3840x2160  Roku Tv,5759,MLM-TELEVISIONS,TCL
407,MLM1469155240,Smart Tv Philips 55 4k Uhd Android Tv,9499,MLM-TELEVISIONS,Philips
408,MLM1533565932,Smart Tv Hisense R6 Series 55r6g Lcd 4k 55  120v,8499,MLM-TELEVISIONS,Hisense
409,MLM1609711400,Hisense Smart Fire Tv 58 Uled U6 Quantum Dot 4k Uhd 58u6hf,15999,MLM-TELEVISIONS,Hisense
410,MLM1782429015,Television Samsung Qn50qn9daafxza Qled 50  Smart Tv 4k,16799,MLM-TELEVISIONS,Samsung
411,MLM1358583596,Pantalla Tcl 43 Pulgadas Uhd 4k Android Tv 43a445 Led,7488,MLM-TELEVISIONS,TCL
412,MLM1362308889,Tv Smart Pantalla Tcl 55s431 Led 4k(3840x2160p) Uhd Hdr 2021,9999,MLM-TELEVISIONS,TCL
413,MLM1599156339,Samsung Crystal 50   Un50tu690tf,9299,MLM-TELEVISIONS,Samsung
414,MLM939542096,Pantalla Samsung Un65tu700dfxza 65 PuLG 4k Smart Tv 2020,14999,MLM-TELEVISIONS,Samsung
415,MLM947877973,Tv Philips 65 Pantalla Smart Tv Led 4k 120hz Full Web ,10499,MLM-TELEVISIONS,Philips
416,MLM1417446096,Pantalla Smart Tv Sony 75 4k Uhd Led Google Home Xbr-75x90ch,25999,MLM-TELEVISIONS,Sony
417,MLM1555977227,Smart Tv Lanix X58 4k Android 11,10900,MLM-TELEVISIONS,Lanix
418,MLM1782167362,LG Smart Tv 43'' Led 4k 120v Con Webos Hdr 43uq8000aub ,6999,MLM-TELEVISIONS,LG
419,MLM1471905482,Pantalla Smart Tv Samsung 82 Pulgadas Uhd 4k Alexa Google,39990,MLM-TELEVISIONS,Samsung
420,MLM1597953164,Pantalla Smart Tv LG Oled C1 48c1psa 48  ,22999,MLM-TELEVISIONS,LG
421,MLM1661056528,Television LG 77'' Oled 4k Uhd Smart Tv 2160p Oled77c9aub ,38999,MLM-TELEVISIONS,LG
422,MLM936061929,Google Tv Master Series Oled 4k Ultra Hd Y Hdr Xr-65a90j,44999,MLM-TELEVISIONS,Sony
423,MLM900965138,Tv Sceptre U515cv-u 50 PuLG No Bases Soporte Pared Regalo,7125,MLM-TELEVISIONS,Sceptre
424,MLM1451122407,Pantalla Smart Tv Samsung 43 Led Crystal Uhd 4k Un43tu7000fx,7599,MLM-TELEVISIONS,Samsung
425,MLM1339214517,Pantalla Sony 75  Led 4k Smart Tv X-reality Hdr Xbr-75x90ch,24999,MLM-TELEVISIONS,Sony
426,MLM1412356154,Tv 43 Pulgadas Hisense Smart Tv Uhd 4k 43a6h Google Tv Led,7319,MLM-TELEVISIONS,Hisense
427,MLM903602715,Pantalla Samsung Au7000 50'' Uhd 4k Hdr10+ Bluetooth 2021,13999,MLM-TELEVISIONS,Samsung
428,MLM1391881552,Smart Tv Hisense R6 Series 43r6e Led 4k 43  120v,6299,MLM-TELEVISIONS,Hisense
429,MLM1382236420,Pantalla Smart Tv Hisense 58rge3 Led 4k 58 ,7500,MLM-TELEVISIONS,Hisense
430,MLM1499439128,Television Smart Tv Hisense 70'' 70a6g3 Class 4k 2160p Led ,15999,MLM-TELEVISIONS,Hisense
431,MLM949308204,Tv Samsung 55  Qn55q6dtafxza Qled 4k Uhd,14999,MLM-TELEVISIONS,Samsung
432,MLM1490897119,Pantalla Jvc Lt-50maw804 50 Pulgadas 4k Smart Tv Qled,8074,MLM-TELEVISIONS,JVC
433,MLM1432865059,Smart Tv Samsung Series 8 Un55au8000fxzx Led 4k 55  ,13599,MLM-TELEVISIONS,Samsung
434,MLM1416401006,Pantalla Smart Tv 4k Ultra Hd 55puLG Android Tv 55a435 Tcl,10496,MLM-TELEVISIONS,TCL
435,MLM1519113237,Tv 60 Pulgadas Smart Tv Uhd 4k 60uq8000psb Led LG,14899,MLM-TELEVISIONS,LG
436,MLM1623161501,Pantalla Smart Tv Hisense Series A6g 75 Uhd 4k Android Tv,17518,MLM-TELEVISIONS,Hisense
437,MLM858551379,Pantalla Jvc 43  Lt-43maw595 Smart  Led Tv 4k Hdr  Hdmi ,4899,MLM-TELEVISIONS,JVC
438,MLM945133552,Pantalla Comercial Lcd LG Us670h 55  4k Ultra Hd Widescreen,12576,MLM-TELEVISIONS,LG
439,MLM1644277364,Smart Tv LG 75 Nanocell 4k 120hz Bluetooth Alexa Google Voz,21999,MLM-TELEVISIONS,LG
440,MLM1440970370,Pantalla 65 Pulgadas 4k Smart Tv LG 65up7670puc Bluetooth,13648,MLM-TELEVISIONS,LG
441,MLM1781918802,Television Un43tu690tfxza Pantalla Crystal 43  Smart Tv 4k,5999,MLM-TELEVISIONS,Samsung
442,MLM1355119808,Pantalla Smart Tv Sony 75  Led 4k Hdr X1 Android Xbr-75x81ch,23498,MLM-TELEVISIONS,Sony
443,MLM1490929425,Pantalla Led LG 60'' Ultra Hd 4k Smart Tv 60uq8000psb /v,14437,MLM-TELEVISIONS,LG
444,MLM1778683298,Pantalla Smart Tv Hisense H65 Series 75h6510g Led 4k 75 120v,16999,MLM-TELEVISIONS,Hisense
445,MLM1355158145,Pantalla Sony Smart Tv 65  Led 4k Hdr X1 Android Xbr-65x81ch,15999,MLM-TELEVISIONS,Sony
446,MLM1651580648,Pantalla LG 55'' Uhd Ai Thinq 4k Smart Tv 55uq8000psb,13499,MLM-TELEVISIONS,LG
447,MLM1344783836,Android Tv Tcl 75a445 75'' Uhd 4k 8ms 60hz Hdr10,34299,MLM-TELEVISIONS,TCL
448,MLM1441695770,Television Hisense 55u7g 55  Class 4k (2160p) Smart Uled,12999,MLM-TELEVISIONS,Hisense
449,MLM1820542130,Pantalla Onn 100012585 50  2160p 4k Uhd Roku Smart Led Tv,5299,MLM-TELEVISIONS,Onn.
450,MLM1376806028,Television LG Pantalla Led 65  4k Uhd 65un6955zuf Smart Tv,12999,MLM-TELEVISIONS,LG
451,MLM1714432225,Smart Tv Makena 55s7 Led 4k Uhd 55 Pulgadas Hdr 120 Hz,12739,MLM-TELEVISIONS,Makena
452,MLM1623452106,Smart Tv Hisense R6 Series 75r6030g - 75 ,21000,MLM-TELEVISIONS,Hisense
453,MLM1353723849,Smart Tv LG 4k 55 Al Thinq 3840x2160 Webos Alexa Google Airp,12799,MLM-TELEVISIONS,LG
454,MLM1406028403,"65  Au8000 Crystal Uhd 4k Smart Tv, Samsung Un65au8000fxz",18989,MLM-TELEVISIONS,Samsung
455,MLM1428204382,Televisor Hisense 58puLG. 4k Smart Hisense 58a6gr /vc,10630,MLM-TELEVISIONS,Hisense
456,MLM1835934790,Smart Tv Onn 50 Pulgadas 4k Con Roku,5899,MLM-TELEVISIONS,Onn.
457,MLM1359938320,Rca 43 4k Ultra Hd 2160p Hdr Roku Smart Led Tv Rtru4327,6412,MLM-TELEVISIONS,RCA
458,MLM1776042387,Pantalla 50 Pulgadas 4k Smart Tv LG 50up7670puc Bluetooth,9228,MLM-TELEVISIONS,LG
459,MLM1482976014,Television Westinghouse Wr55ux4210 Smart Tv 4k Uhd 55 ,9499,MLM-TELEVISIONS,Westinghouse
460,MLM1530410475,Pantalla LG 60'' Uhd Ai Thinq 4k Smart Tv 60uq8000psb,13499,MLM-TELEVISIONS,LG
461,MLM1463093499,Television Samsung Un65au8000bxza Crystal 4k Uhd Smart Tv,15999,MLM-TELEVISIONS,Samsung
462,MLM1440970212,Pantalla 55 Pulgadas 4k Smart Tv LG 55up7670puc Bluetooth,12499,MLM-TELEVISIONS,LG
463,MLM1385636696,Pantalla Tcl 65 Pulgadas Smart Tv 4k Ultra Hd 65s443-mx,14011,MLM-TELEVISIONS,TCL
464,MLM1755951115,Pantalla Smart Tv 55 Pulgadas Sceptre Ultra Hd 4k Android Tv,8499,MLM-TELEVISIONS,Sceptre
465,MLM1482991885,Television LG Oled Oled48cxaub 48  Smart Tv 4k Uhd,19600,MLM-TELEVISIONS,LG
466,MLM641479550,Pantalla Smart Tv 43 Samsung Led Ultra Hd 4k Un43au7000fxzx,7796,MLM-TELEVISIONS,Samsung
467,MLM1398580331,Pantalla LG Oled 48 Pulgadas 4k Magic Remote Control Por Voz,19999,MLM-TELEVISIONS,LG
468,MLM1474533511,Smart Tv Hisense 58 Led Uhd 4k Android Bluetooth 58h6570g,8999,MLM-TELEVISIONS,Hisense
469,MLM1530773472,Television LG Smart Tv 50'' 50uq8000aub  Class 4k 2160p Led ,7884,MLM-TELEVISIONS,LG
470,MLM1505388217,Tv Hisense 58 Pulgadas Smart Tv Uhd 4k 58a6gr Roku Tv Led,11999,MLM-TELEVISIONS,Hisense
471,MLM1497263858,Television Vizio  65'' 4k M65q6-j09 M-s Hdr Smart Tv Quantum,11500,MLM-TELEVISIONS,Vizio
472,MLM1409651705,Smart Tv Samsung 43  Au7000 Uhd 4k Led Bluetooth,8890,MLM-TELEVISIONS,Samsung
473,MLM1338631187,Smart Tv Samsung Crystal Un65au9000gxzd Led 4k 65  100v/240v,25499,MLM-TELEVISIONS,Samsung
474,MLM1663070232,Television Philips 65pul7552/f7 65  Smart Tv 4k Con Google,16999,MLM-TELEVISIONS,Philips
475,MLM1808232590,Onn De 50'' Class 4k 2160p Smart Qled Tv 100071700 + Soporte,7884,MLM-TELEVISIONS,Onn.
476,MLM1450128164,Television LG 43un6955zuf Pantalla Led 43'' Smart Tv 4k Uhd,7599,MLM-TELEVISIONS,LG
477,MLM1385514872,Smart Tv Hisense 58 Pulgadas 4k Ultra Hd 1080p 58a6gr,11365,MLM-TELEVISIONS,Hisense
478,MLM1330345919,58  4k Uhd Hisense Roku Tv With Hdr 2020 R6 Series,9499,MLM-TELEVISIONS,Hisense
479,MLM1649516998,Smart Tv Hyundai Hyled6508w4km 4k 65 ,16900,MLM-TELEVISIONS,Hyundai
480,MLM1382420131,Television Westinghouse Wg65ux4100 65 Pulgadas Smart Tv 4k ,9999,MLM-TELEVISIONS,Westinghouse
481,MLM1331817602,Smart Tv Hisense 75 Pulgadas 4k Ultra Hd Android 75a6g,19354,MLM-TELEVISIONS,Hisense
482,MLM932251190,Pantalla LG 55un6950zua 55 PuLG Class Led 4k Smart Tv 2020,10999,MLM-TELEVISIONS,LG
483,MLM1837199731,Smart Tv Hisense U6 Series 58u6hf Lcd 4k 58  120v Nueva,8189,MLM-TELEVISIONS,Hisense
484,MLM1755977991,Pantalla Tcl 55 Pulgadas Qled 4k Uhd Roku Tv_29756310/l12,8099,MLM-TELEVISIONS,TCL
485,MLM1609341835,Pantalla LG 55  Uhd Tv Ai Thinq 4k Smart Tv 55up7710psb,9499,MLM-TELEVISIONS,LG
486,MLM1586120345,Pantalla Led Hisense 50 Ultra Hd 4k Smart Tv 50a7gv,7999,MLM-TELEVISIONS,Hisense
487,MLM865496462,Pantalla Curva 55 PLG Uhd 4k Smart Tv Un55tu8300fxzx Samsung,17999,MLM-TELEVISIONS,Samsung
488,MLM1537928182,Pantalla Led LG 43  Ultra Hd 4k Smart Tv 43uq8000psb,7999,MLM-TELEVISIONS,LG
489,MLM923159466,Pantalla De 50  Uhd Smx50f3uad  Marca Sansui Alb,11309,MLM-TELEVISIONS,Sansui
490,MLM1631494626,Pantalla Led Hisense 50  Ultra Hd 4k Smart Tv 50a6h,7999,MLM-TELEVISIONS,Hisense
491,MLM1425570117,Pantalla Led Hisense Ultra Hd 4k 58  Smart Tv 58h6500g,20499,MLM-TELEVISIONS,Hisense
492,MLM1609680414,Pantalla Qled Samsung 55  Ultra Hd 4k Smart Tv Qn55q60bafxzx,15499,MLM-TELEVISIONS,Samsung
493,MLM1357275804,Smart Tv Konka Q7 Pro Series 4k Qled 55'' Android 55q75a,10999,MLM-TELEVISIONS,Konka
494,MLM1622437423,Smart Tv LG Barata 50 Pul Uhd 4k 50uq8000psb Led Año 2022,11049,MLM-TELEVISIONS,LG
495,MLM1435436059,Televisión LG De 55'' 4k Uhd (2160p) Led Smarttv-55uq7070zue,9024,MLM-TELEVISIONS,LG
496,MLM1797033939,Pantalla Tcl 43s443-mx 43 Pulgadas Smart Tv 4k Uhd Roku Led,7749,MLM-TELEVISIONS,TCL
497,MLM1802205741,Pantalla 50 Pulgadas Jvc Con Roku Tv Led Hd Smart Tv Nueva,7279,MLM-TELEVISIONS,JVC
498,MLM1446135372,Pantalla Led Tcl 65 Pulgadas 4k Smart Tv/google Tv 65s446,14998,MLM-TELEVISIONS,TCL
499,MLM1357382429,Smart Tv Hisense 43 Pulgadas R7g5 Series 4k Uhd Roku 43r7g5,6299,MLM-TELEVISIONS,Hisense
500,MLM1426657386,Televisor Hisense A6gv 43  Uhd 4k Smart 43a6gv,7999,MLM-TELEVISIONS,Hisense
501,MLM1487932142,Smart Tv LG Ai Thinq 43up751c0sf Led 4k 43  100v/240v,9499,MLM-TELEVISIONS,LG
502,MLM1463363014,Smart Tv Hisense 43a6h 4k 43 Pulgadas Uhd Google Tv Bluetoot,7484,MLM-TELEVISIONS,Hisense
503,MLM1776347163,Smart Tv LG Ai Thinq Oled48c2psa 4k 48  100v/240v,23999,MLM-TELEVISIONS,LG
504,MLM1464061094,Televisión LG De 43'' 43uq7070zud 4k (2160p) Smart Tv Led ,6934,MLM-TELEVISIONS,LG
505,MLM1763987964,Smart Tv Xiaomi Mi Tv P1 43 4k Android Dolby Vision Y Audio,6899,MLM-TELEVISIONS,Xiaomi
506,MLM1526264991,Tv 43 Pulgadas Smart Tv Uhd 4k Smx-43t1ua  Android Tv Led ,7399,MLM-TELEVISIONS,Sansui
507,MLM1771946769,Hisense Smart Tv 50  Qled 4k Series 50u6hf Fire Tv,7089,MLM-TELEVISIONS,Hisense
508,MLM856578884,Pantalla LG 50  50un6950zua Smart Led Hdr4k Webos ,7409,MLM-TELEVISIONS,LG
509,MLM1852788549,Pantalla Smart Tv Samsung 43 Series 7 Led 4k Television,6899,MLM-TELEVISIONS,Samsung
510,MLM1432153192,Smart Tv Hisense Roku 58  Led 4k ,8998,MLM-TELEVISIONS,Hisense
511,MLM1531785408,Smart Tv Uhd Hisense Roku Con Soporte Hdr Series R6 58  4k,7999,MLM-TELEVISIONS,Hisense
512,MLM1761738734,Television Tcl 65s513 65  Sin Bases Incluye Soporte Gratis,9999,MLM-TELEVISIONS,TCL
513,MLM1418656752,Smart Tv Tcl 50  4k Uhd 50s431 Roku Tv,8699,MLM-TELEVISIONS,TCL
514,MLM1571507374,Smart Tv Xiaomi L43m6-6a Led 4k 43  100v/240v,6671,MLM-TELEVISIONS,Xiaomi
515,MLM1393876334,Smart Tv Samsung Series 7 Un55tu7000fxzx Led 4k 55  ,10700,MLM-TELEVISIONS,Samsung
516,MLM918536709,Pantalla Westinghouse Wr50ux4019 50 PuLG 4k Roku Smart Tv,7884,MLM-TELEVISIONS,Westinghouse
517,MLM1523221441,Smart Tv Hisense R6e Series 58r6e Led 4k 58  120v,9999,MLM-TELEVISIONS,Hisense
518,MLM1362896895,Pantalla Smart Tv Hisense 43  R7g5 Series 4k Uhd Roku 43r7g5,6299,MLM-TELEVISIONS,Hisense
519,MLM1588433941,Television Westinghouse Wr50ux4210 50'' Smart Tv 4k Uhd Hdr,9499,MLM-TELEVISIONS,WestingHouse
520,MLM1526374138,Smart Tv LG Uhd 76 Series 43up7670puc Lcd 4k 43  100v/240v,9529,MLM-TELEVISIONS,LG
521,MLM1356954454,Smart Tv Marca Onn 42 Class Fhd (1080p) Led Roku (100068372),7799,MLM-TELEVISIONS,Onn.
522,MLM1416423144,Smart Tv Hisense 43  43a6h 4k Android Usb Bt,6509,MLM-TELEVISIONS,Hisense
523,MLM1403557420,Pantalla 43 Pulgadas Smart Tv Jvc Led 4k Uhd + Roku Tv,7579,MLM-TELEVISIONS,JVC
524,MLM1390690095,Pantalla Smart Tv LG Ai Thinq 43up7560aud Led 4k 43 ,8700,MLM-TELEVISIONS,LG
525,MLM1355046812,Pantalla Smart Tv Hisense 65 R6 Serie 65r6e Led 4k Roku Uhd,10499,MLM-TELEVISIONS,Hisense
526,MLM1491508890,Pantalla Led LG 60'' Ultra Hd 4k Smart Tv 60uq8000psb /vc,13715,MLM-TELEVISIONS,LG
527,MLM1475925416,Pantalla Jvc 50 Pulgadas Uhd 4k Smart Roku,7299,MLM-TELEVISIONS,JVC
528,MLM1820927276,Television Sceptre U435cv-umc Sin Bases + Soporte De Regalo,4749,MLM-TELEVISIONS,Sceptre
529,MLM1476836007,Pantalla Vizio 55 PuLG 4k Smart Con Dolby Hdmi 2.1  Año 2022,8700,MLM-TELEVISIONS,Vizio
530,MLM1490399577,Smart Tv Ghia Led Netflix Uhd 50  4k 60hz,7999,MLM-TELEVISIONS,Ghia
531,MLM1586261918,Pantalla Hisense Led Smart Tv 55  4k/ultra Hd Vidaa 55a65hv,10463,MLM-TELEVISIONS,Hisense
532,MLM862274758,Pantalla Sceptre X435bv-fsr 43 PuLG Led 1080p HdtvNo Smart,5034,MLM-TELEVISIONS,Sceptre
533,MLM1424865270,Pantalla Smart Tv Hisense 75 Roku Led 4k Uhd Hdr 75r6e4,18399,MLM-TELEVISIONS,Hisense
534,MLM1818040956,Smart Tv Wahaha Inalámbrico Wifi Lcd Hd 32  100v/240v,3200,MLM-TELEVISIONS,Wahaha
535,MLM1459679112,Tv 49 Pulgadas Hyundai Smart Tv Uhd 4k ,12000,MLM-TELEVISIONS,Hyundai
536,MLM1340322306,Smart Tv Pantalla Led Jvc Si50ur 50 Pulgadas Roku Led 4k,10021,MLM-TELEVISIONS,JVC
537,MLM1656533829,Smart Tv Onn Roku 50  4k,6499,MLM-TELEVISIONS,Onn.
538,MLM1526613069,Smart Tv Samsung Series 7 Un50tu700dfxza Led 4k 50 ,9113,MLM-TELEVISIONS,Samsung
539,MLM1337141689,Pantalla Led Sharp 60 Pulgadas 4k Smart 4t-c60cl2ur,12500,MLM-TELEVISIONS,Sharp
540,MLM1478503475,Smart Tv Sony Bravia Xbr-75x900f Led 4k 75  110v/240v,49199,MLM-TELEVISIONS,Sony
541,MLM1520582052,Smart Tv Samsung Series 7 Un65tu700dfxza Led 4k 65  ,13890,MLM-TELEVISIONS,Samsung
542,MLM1423902471,Vizio Smart Tv Quantum 4k Hdr Clase M De 65  - M65q7-j01,13500,MLM-TELEVISIONS,Vizio
543,MLM1628595975,Television Jvc Lt-58maw705 58'' Smart Tv 4k Uhd Elite Series,7199,MLM-TELEVISIONS,JVC
544,MLM1539732928,Pantalla Vizio P-series Quantum X 65 4k Hdr Px65-g1,12000,MLM-TELEVISIONS,Vizio
545,MLM1678294886,Smart Tv Tcl S4-serie 55s455 Led 4k 55 ,13999,MLM-TELEVISIONS,TCL
546,MLM1424682277,Smart Tv LG Ai Thinq 43up7500psf Led 4k 43  100v/240v,9499,MLM-TELEVISIONS,LG
547,MLM1384240057,Smart Tv 50 Pulgadas Ultra Hd 4k Roku Negro Si50urf Jvc,8069,MLM-TELEVISIONS,JVC
548,MLM1452531684,Pantalla Vizio 58  Class Led 4k Uhd Smartcast V585-h11,9500,MLM-TELEVISIONS,Vizio
549,MLM1478473913,Smart Tv Sony Bravia Xbr-75x950g Lcd 4k 75  110v/240v,49999,MLM-TELEVISIONS,Sony
550,MLM1535731131,Tv Philips 55 Led 4k 3840 X 2160 60hz Smart Tv Android ,12328,MLM-TELEVISIONS,Philips
551,MLM1478473620,Smart Tv Sony Bravia Xbr-65a8f Oled 4k 65  110v/240v,48999,MLM-TELEVISIONS,Sony
552,MLM1393995103,Pantalla Smart Un43tu7000fxz Tv Samsung Series 7  Led 4k 43 ,7426,MLM-TELEVISIONS,Samsung
553,MLM1824617337,Smart Tv Jvc Si50us Led 4k 50  Nueva ,6350,MLM-TELEVISIONS,JVC
554,MLM1573870492,Smart Tv Sony Xbr-49x800e Lcd 4k 49  100v/240v,13900,MLM-TELEVISIONS,Sony
555,MLM1515823526,..:: Sony Pantalla 65 Pulgadas Full Array 4k ::.. Xr 65x90k,32999,MLM-TELEVISIONS,Sony
556,MLM1452517896,Pantalla Onn 65  Smarttv 4k Led Con Sistema Roku Hdr,9999,MLM-TELEVISIONS,Onn.
557,MLM1338532545,Pantalla Smart Tv Led 50 Pulgadas Hdmi 4k 2160p Ghia,9875,MLM-TELEVISIONS,Ghia
558,MLM1472900504,Television Samsung Lh55qmrebgcxza 55  Smart Tv 4k Uhd,30999,MLM-TELEVISIONS,Samsung
559,MLM1355210349,Pantalla Tcl 55s431  Led 4k (2160p) Smart Tv,9900,MLM-TELEVISIONS,TCL
560,MLM1514839701,Smart Tv Vios 50 Pulgadas Uhd Led Tv50d20-4k Negro,7100,MLM-TELEVISIONS,VIOS
561,MLM1328027449,Smart Tv LG Oled Ai Thinq Oled65cxaua 4k 65 Pulgadas 2020 ,39598,MLM-TELEVISIONS,LG
562,MLM883336222,Pantalla Smart Tv 85 Pulgadas 4k Samsung Crystal Uhd,59990,MLM-TELEVISIONS,Samsung
563,MLM1502671621,Televisión Pantalla De 50 Pulgadas Qled Smart Tv 4k Samsung,19971,MLM-TELEVISIONS,Samsung
564,MLM1431052442,"LG Uhd 4k Smart Tv 43  Up75, Ai Procesador Thinq A5",9299,MLM-TELEVISIONS,LG
565,MLM781882327,Smart Tv Sony Xbr-65a8g Oled 4k 65  100v/240v,29555,MLM-TELEVISIONS,Sony
566,MLM1547895667,Smart Tv Jvc Si50urf Led 4k 50 ,7799,MLM-TELEVISIONS,JVC
567,MLM920189423,Smart Tv LG 60 Pulgadas Uhd 4k Ai Thinq,11625,MLM-TELEVISIONS,LG
568,MLM1300868300,Pantalla Smart Tv 70 Pulgadas Samsung Serie Au7000 Uhd 4k,15789,MLM-TELEVISIONS,Samsung
569,MLM933269971,Pantalla Samsung Un75tu8000fxza 75 Pulgadas 4k Smart Tv 2020,21999,MLM-TELEVISIONS,Samsung
570,MLM1416876037,Smart Tv LG Serie Uhd 50uk6350puc Lcd 4k 50  100v/240v,13865,MLM-TELEVISIONS,LG
571,MLM1719720533,Smart Tv LG Signature W9 4k Oled 65 ,146739,MLM-TELEVISIONS,LG
572,MLM659659731,Pantalla LG Nanocell 65 Smart Tv 4k Uhd Bluetooth Hdmi 2021,19699,MLM-TELEVISIONS,LG
573,MLM1599165908,Tv LG Oled Evo C2 65  ,45999,MLM-TELEVISIONS,LG
574,MLM1539668380,Smart Tv Vizio V-series V435-h1 Led 4k 43  ,6035,MLM-TELEVISIONS,Vizio
575,MLM1854653962,Pantalla Samsung Smart Tv Q7dt Qled 4k Uhd Hdr Qn65q7dtafxza,15790,MLM-TELEVISIONS,Samsung
576,MLM1649456150,Television Rca De 70'' Led Class 4k 2160p Uhd Rtu7074,11500,MLM-TELEVISIONS,RCA
577,MLM1478497313,Pantalla Smart Tv Sony 75 4k Uhd Led Google Home Xbr-75x850f,41999,MLM-TELEVISIONS,Sony
578,MLM1811201222,Sony Pantalla X80k 65  Kd-65x80k 4k Uhd Led Google Tv,13900,MLM-TELEVISIONS,Sony
579,MLM1488380132,Pantalla Sansui 50  Led Uhd Smart  Android Tv 4k Smx50f3uad,7073,MLM-TELEVISIONS,Sansui
580,MLM1535394867,Sony Smart Tv 4k Ultra Hd (hdr) Google Tv Kd-43x85k Ucm,16999,MLM-TELEVISIONS,Sony
581,MLM1326670696,Smart Tv LG Oled Ai Thinq Oled55cxaua 4k 55   2020,32998,MLM-TELEVISIONS,LG
582,MLM1498134725,Smart Tv Onn 70'' 4k Uhd Hdr 100012588,13599,MLM-TELEVISIONS,Onn.
583,MLM1719183241,Pantalla Samsung Smart Led 50 690y 4k Uhd (hg50nj690yfxza),9900,MLM-TELEVISIONS,Samsung
584,MLM1454022704,"Tv LG 75 Led 4k 3840 X 2160p,  120 Hz, Smart Tv Full, Web ",23970,MLM-TELEVISIONS,LG
585,MLM1516334970,Smart Tv Tcl A4-serie 65a443 Led 4k 65 ,16499,MLM-TELEVISIONS,TCL
586,MLM1416890184,Pantalla Smart Tv Samsung 70  4k Uhd Un70tu700dfxza,15999,MLM-TELEVISIONS,Samsung
587,MLM1363262649,Smart Tv 50  Element  4k Uhd Roku,10698,MLM-TELEVISIONS,Element
588,MLM1330339611,Smart Tv Hisense 43  Uhd 4k Vidaa 43a7gv,7999,MLM-TELEVISIONS,Hisense
589,MLM1338059689,Pantalla Hyundai 65'' Led 4k Uhd Web Os Tv Smart Tv,18999,MLM-TELEVISIONS,Hyundai
590,MLM1484031979,Smart Tv LG Ai Thinq 55up7500psf Lcd 4k 55  100v/240v,7599,MLM-TELEVISIONS,LG
591,MLM1788192575,Television Rca Rtru6528 Smart Tv Pantalla Led 65'' 4k Uhd,8999,MLM-TELEVISIONS,RCA
592,MLM1515804539,..:: Sony Pantalla 65 Google Tv 4k Uhd Hdr ::.. Kd 65x75k,18499,MLM-TELEVISIONS,Sony
593,MLM1533783601,Tv LG 43 Led 4k 3840 X 2160p 60hz Smart Tv Full Web,11910,MLM-TELEVISIONS,LG
594,MLM895153207,Tv Pantalla Vizio P75-c1 16:9 - 3840 X 2160 De 75'',36498,MLM-TELEVISIONS,Vizio
595,MLM1352761411,Pantalla 43  4k Samsung Smart Tv Cristal Un43au7000f 110v,12331,MLM-TELEVISIONS,Samsung
596,MLM783060008,Hyundai Electronics Smart Ledtv 4khdr 127cm/50  Diagonal,9199,MLM-TELEVISIONS,Hyundai
597,MLM1366157170,Pantalla Sony Bravia 55´ Ultra Hd 4k Smart Tv Xbr-55x80ch,14060,MLM-TELEVISIONS,Sony
598,MLM1779850950,Smart Tv LG Ai Thinq 55uq8050psb Lcd 4k 55  100v/240v,13500,MLM-TELEVISIONS,LG
599,MLM1491689837,Pantalla Insignia Fire Tv 4k Uhd De 43  Led  Ns-43f301na22,8499,MLM-TELEVISIONS,Insignia
600,MLM1446101370,Television Jvc Lt-55maw804 Pantalla Qled 55'' Smart Tv 4k ,9499,MLM-TELEVISIONS,JVC
601,MLM1622139171,Tcl Television Smart Tv De 65'' Led  Class 4k 2160p 65s451 ,8691,MLM-TELEVISIONS,TCL
602,MLM1433633866,Pantalla Samsung Qn32ls03tbfxza 32  4k Smart Tv Qled Frame,9899,MLM-TELEVISIONS,Samsung
603,MLM1438845753,Pantalla Hisense 58'' Roku Tv Uhd Smart Tv Led Dolby Vision ,10999,MLM-TELEVISIONS,Hisense
604,MLM844645734,Pantalla Hisense Smart Tv 50 Pulgadas Roku 4k Hdr 50r6090g5,7899,MLM-TELEVISIONS,Hisense
605,MLM1602734177,Smart Tv Pioneer Pn951 Series Pn50951-22u Lcd 4k 50 ,7380,MLM-TELEVISIONS,Pioneer
606,MLM1693689307,Smart Tv Samsung 65'' 4k Led Un65tu7000bxza + Soporte Pared,12499,MLM-TELEVISIONS,Samsung
607,MLM1774934258,Pantalla Hisense A6g Series 43a6gx3 Led 4k Ultra Hd  ,5975,MLM-TELEVISIONS,Hisense
608,MLM907334774,Televison Pantalla Samsung Led Nano Cristal Smart 4k Suhd 55,19897,MLM-TELEVISIONS,Samsung
609,MLM1533338963,Television Tcl 65'' 65s435 Class 4k 2160p Smart Roku Tv Led ,9999,MLM-TELEVISIONS,TCL
610,MLM1452104399,Tv LG 50 Led 4k 3840 X 2160p 120hz Smart Tv Full.,12695,MLM-TELEVISIONS,LG
611,MLM698290430,Smart Tv Samsung 55 Qled 4k Bluetooth Hdmi Usb Qn55q7dtafxza,16799,MLM-TELEVISIONS,Samsung
612,MLM1661650448,Television Samsung Un65nu740dfxza 65'' Smart Tv 4k Ultra Hd,13999,MLM-TELEVISIONS,Samsung
613,MLM895154658,Tv Pantalla  Samsung 75   Un75ju641d 4k,36498,MLM-TELEVISIONS,Samsung
614,MLM1561121230,Pantalla De 55  4k Android Sansui Smx55v1ua Alb,9485,MLM-TELEVISIONS,Sansui
615,MLM1502678189,Televisión Pantalla De 65 Pulgadas Qled Smart Tv 4k Samsung,49524,MLM-TELEVISIONS,Samsung
616,MLM1704796995,Pantalla Smart Tv Hisense Series A6 75a6h Google 4k,21700,MLM-TELEVISIONS,Hisense
617,MLM1584369575,Pantalla Led LG 65  Ultra 4k Smart Tv Ai Thinq 65up7710psb,13999,MLM-TELEVISIONS,LG
618,MLM807897508,Pantalla Smart Tv 50 Pulgadas Samsung 4k Hdr Bluetooth,10499,MLM-TELEVISIONS,Samsung
619,MLM1408993461,Smart Tv LG Ai Thinq 50up7500psf Lcd 4k 50  100v/240v,6599,MLM-TELEVISIONS,LG
620,MLM1455186369,Tv LG 86 Led 4k 3840 X 2160p 120hz Smart Tv Full Web,39600,MLM-TELEVISIONS,LG
621,MLM1490412754,Smart Tv Sansui 65'' 4k Ultra Hd Led  Android Tv Smx65e1uad,11420,MLM-TELEVISIONS,Sansui
622,MLM1520084033,Pantalla De 75  Qled 4k Smart Marca Samsung,47999,MLM-TELEVISIONS,Samsung
623,MLM1382648930,Smart Tv Hisense U6 Quantum Series 55u6g Uled 4k 55 ,11625,MLM-TELEVISIONS,Hisense
624,MLM1531225288,Smart Fire Tv Toshiba 43'' Class C350 Led 43c350ku 4k Uhd,6459,MLM-TELEVISIONS,Toshiba
625,MLM856942074,Samsung 50  Class Q8dt-series 4k Qled Uhd Smart Tv,19998,MLM-TELEVISIONS,Samsung
626,MLM1743254715,Smart Tv Hisense A6g Series 70a6g Lcd 4k 70  120v,12366,MLM-TELEVISIONS,Hisense
627,MLM1561152398,Pantalla De 55  4k Uhd Smart Tv Hisense 55a6gv Alb,12599,MLM-TELEVISIONS,Hisense
628,MLM1474996728,Pantalla 65 Pulgadas Smart Tv Sony Bravia 4k Hdr Oled (2022),68989,MLM-TELEVISIONS,Sony
629,MLM1582382467,Pantalla Hisense 43 Pulgadas 4k Uhd Google Tv 43a6h Smart Tv,9899,MLM-TELEVISIONS,Hisense
630,MLM646906084,Smart Tv 50 Pulgadas Ghia G50ntfxuhd20 Uhd 4k Hdmi Wifi Led,10499,MLM-TELEVISIONS,Ghia
631,MLM1420240909,Pantalla Samsung Smart Tv Led The Frame 50  4k Ultra Hd,18078,MLM-TELEVISIONS,Samsung
632,MLM1736785418,Smart Tv Hisense 50r6000gm Led 4k 50  120v,14859,MLM-TELEVISIONS,Hisense
633,MLM1399983934,Smart Tv LG Ai Thinq 65up7500psf Lcd 4k 65  100v/240v,7599,MLM-TELEVISIONS,LG
634,MLM1431971384,"Television Led Samsung 75 Smart Tv Serie Au7000, Uhd 4k",21635,MLM-TELEVISIONS,Samsung
635,MLM828695836,Smart Tv Makena 50 Pulgadas Led Uhd 4k Hdmi Usb 50s7,10099,MLM-TELEVISIONS,Makena
636,MLM1609364921,Pantalla Smart Tv 55 Pulgadas Led Ultra Hd 4k Android Tv ,8999,MLM-TELEVISIONS,Sceptre
637,MLM891835559,Pantalla Samsung 55 Pulgadas Smart Tv Qled 4k Bluetooth Hdmi,16799,MLM-TELEVISIONS,Samsung
638,MLM1384520695,Pantalla 50 Samsung Au7000 Smart Tv Uhd 4k Led Hdmi Usb,8692,MLM-TELEVISIONS,Samsung
639,MLM1788646751,Google Tv 4k Ultra Hd Y Alto Rango Dinámico Hdr Kd-43x85k,13999,MLM-TELEVISIONS,Sony
640,MLM1775648672,Tv Sony 65 Pantalla Led 4k Uhd Smart Full Web Xbr-65x90ch,18240,MLM-TELEVISIONS,Sony
641,MLM1806130682,Television LG Smart Tv 65un6950zua Pantalla Led 65'' 4k Uhd,10299,MLM-TELEVISIONS,LG
642,MLM1662903121,"Pantalla Tv Hisense 43  Led Smart Tv 4k Ultra Hd Hdmi, Rj-45",7859,MLM-TELEVISIONS,Hisense
643,MLM1474302098,Television LG 43nano75upa Nanocell Smart Tv 43  4k Hdr10,15999,MLM-TELEVISIONS,LG
644,MLM1348401464,Pantalla 65  Tcl Qled 4k Smart Uhd Roku Tv 65s647,16731,MLM-TELEVISIONS,TCL
645,MLM1339205580,Pantalla De 55  Lde Sony Kd-55x80j Alb,20669,MLM-TELEVISIONS,Sony
646,MLM1810296415,Television Hisense 65a65g Android Tv Pantalla Led 4k Uhd ,9999,MLM-TELEVISIONS,Hisense
647,MLM1572826345,Pantalla LG 43 Pulgadas 4k Uhd 43uq7400psf Ort,10739,MLM-TELEVISIONS,LG
648,MLM1763540860,Pantalla Pioneer 50  Pulgadas Led 4k Uhd Smart Fire Tv,9899,MLM-TELEVISIONS,Pioneer
649,MLM1333275610,Tv Tcl 55 Pulgadas Smart Tv Uhd 4k 55s443-mx Roku Tv Led,8429,MLM-TELEVISIONS,TCL
650,MLM1395439472,Pantalla Roku Frameless 50puLG Ultra Hd 4k Si50urf Jvc,10354,MLM-TELEVISIONS,JVC
651,MLM1573900701,Smart Tv Hisense 43a60gv Led 4k 43 Pulgadas Hdmi Vidaa,7499,MLM-TELEVISIONS,Hisense
652,MLM1651656535,Google Tv Oled 4k Ultra Hd Y Hdr Xr-77a80k,72999,MLM-TELEVISIONS,Sony
653,MLM1535567354,Sony Smart Tv 4k Ultra Hd (hdr) Google Tv Kd-43x80k Ucm,15055,MLM-TELEVISIONS,Sony
654,MLM1392389012,Smart Tv Samsung Led Au7000 60  4k Ultra Hd Widescreen,13232,MLM-TELEVISIONS,Samsung
655,MLM1330338867,43  Uhd T.v. 43a60gv 4k Vidaa Marca Hisense,6490,MLM-TELEVISIONS,Hisense
656,MLM1454830972,Samsung Business Qm75r 75 4k Uhd 3840x2160,42639,MLM-TELEVISIONS,Samsung
657,MLM1768936015,Smart Tv Hisense 50r6g Led 50 Pulgadas Uhd 4k Roku Hdr 120hz,8999,MLM-TELEVISIONS,Hisense
658,MLM1586180517,Smart Tv 50  Hisense 50u6h Uled 4k 240mr D Atmos Full Array,12041,MLM-TELEVISIONS,Hisense
659,MLM803511070,Magnavox 65 Televisor Smart Tv 4k 65mv379r/f7 Uhd ,9999,MLM-TELEVISIONS,Magnavox
660,MLM1517476131,Pantalla Onn 50 Pulgadas 4k Roku Smart Tv Led 100012585,6049,MLM-TELEVISIONS,Onn.
661,MLM1473125577,Television Onn 100071705 Qled Smart Tv 4k Ultra Hd 65 ,12999,MLM-TELEVISIONS,Onn.
662,MLM1520084034,Pantalla De 75  Smart Tv  4k Marca Samsung Qn75q80tafxzx,58040,MLM-TELEVISIONS,Samsung
663,MLM1333300573,Smart Tv Pantalla Led 43 PuLG Hisense 43a60gv Uhd 4k Vidaa,7763,MLM-TELEVISIONS,Hisense
664,MLM1382631010,Tv Smart LG Oled 48c1psa 4k 48  Magic Remote,24800,MLM-TELEVISIONS,LG
665,MLM1755752821,Pantalla Smart Tv Hisense 65 R6 Serie 65r6e Led 4k Roku Uhd,10797,MLM-TELEVISIONS,Hisense
666,MLM1789032685,Television Tcl 65s535 Smart Tv Pantalla Qled 4k Uhd 65'',12999,MLM-TELEVISIONS,TCL
667,MLM1459398295,Pantalla Smart Tv 43  Led 4k Uhd Hisense 43a6gv,8807,MLM-TELEVISIONS,Hisense
668,MLM659392347,Pantalla 55 Pulgadas Smart Tv 4k Hisense Roku Tv Uhd 55r6e,7499,MLM-TELEVISIONS,Hisense
669,MLM1588393712,Smart Tv Hyundai Hyled5017w4km 4k 50 ,8599,MLM-TELEVISIONS,Hyundai
670,MLM1391862308,Smart Tv Sony Bravia Xbr-75x81ch Led 4k 75  110v/240v,24999,MLM-TELEVISIONS,Sony
671,MLM1435351876,Pantalla Hisense 43a6h Led Smart Tv Google 43'' 4k Uhd ,7289,MLM-TELEVISIONS,Hisense
672,MLM1450099878,Televisor Smart Fire Tv Amazon 4k Uhd Clase 4 De 50 Inches ,7649,MLM-TELEVISIONS,Amazon
673,MLM1730440623,Tv Samsung Un65au8000bxza Sin Bases + Soporte De Regalo,17999,MLM-TELEVISIONS,Samsung
674,MLM1460809183,Pantalla LG 60 Smart Tv 4k Uhd Bluetooth Hdmi Usb Ai Thinq,14989,MLM-TELEVISIONS,LG
675,MLM1602410523,Smart Tv Toshiba C350-series Firetv 65c350ku Led 4k 65 ,10888,MLM-TELEVISIONS,Toshiba
676,MLM1808205758,LG 55'' Led 4k Ultra Hd Smart Webos Tv 55up7050zua + Soporte,7599,MLM-TELEVISIONS,LG
677,MLM1493302502,Smart Tv Atvio Atv-50uhdr Led 50 ,13829,MLM-TELEVISIONS,Atvio
678,MLM761500022,Television LG 65uk6090pua Pantalla 65  4k Ultra Hd Smart Tv ,15999,MLM-TELEVISIONS,LG
679,MLM1516366469,Tv 50 Pulgadas Smart Tv Uhd 4k 50a65hv Hisense Vidaa Tv,8799,MLM-TELEVISIONS,Hisense
680,MLM1502697057,Televisión Pantalla De 75 Pulgadas 4k Smart Tv Samsung,27314,MLM-TELEVISIONS,Haus Depot
681,MLM1622160804,Pantalla LG Oled Oled65b2aua 65'' Pulgadas 4k Smart Tv,26519,MLM-TELEVISIONS,LG
682,MLM1776147296,Smart Tv Lanix X32 32  Google Tv Android 11,4493,MLM-TELEVISIONS,Lanix
683,MLM1331816322,Pantalla Led 55 Pulgadas Sm55f3uad Smart Tv Uhd 4k Sansui,9299,MLM-TELEVISIONS,Sansui
684,MLM1602149604,Smart Tv Samsung Series 8 Led 4k 50  110v - 127v Au8000,10799,MLM-TELEVISIONS,Samsung
685,MLM1302529813,Pantalla Led Smart Tv 43 Pulgadas Samsung 4k Hdr Bluetooth,9999,MLM-TELEVISIONS,Samsung
686,MLM1344977561,Pantalla Hyundai Smart Tv Hyled5015a4km 4k Android Tv Hdmi ,8750,MLM-TELEVISIONS,Hyundai
687,MLM1383124970,Smart Tv Tcl 55  4k Uhd Android Tv 55a547,8450,MLM-TELEVISIONS,TCL
688,MLM1516341735,Pantalla Tcl 75a445 75'' Uhd 4k Android Tv 8 Ms 60 Hz Hdr10,29499,MLM-TELEVISIONS,TCL
689,MLM1716341392,Pantalla Tv Sony Kd-43x80j / 4k Ultra Hd / 43 PuLG. / Smart,13999,MLM-TELEVISIONS,Sony
690,MLM1332622222,Smart Tv 50 Pulgadas Smx50f3uad Led Uhd 4k Android Tv Sansui,8599,MLM-TELEVISIONS,Sansui
691,MLM1330313489,Smart Tv 4k 43a6gv Marca Hisense,6241,MLM-TELEVISIONS,Hisense
692,MLM1474052513,Television 50 Pulgadas Led Smart Tv 4k Uhd Smx-50v1ua Sansui,8504,MLM-TELEVISIONS,Sansui
693,MLM1837506251,Tv Sharp 50 Pulgadas 4k Uhd Smart Tv Led 4t-c50dl7ur,8249,MLM-TELEVISIONS,Sharp
694,MLM1425526758, Pantalla Smart Tv Tcl Led 43 Uhd 4k 60hz 43s443-mx Roku Tv,6960,MLM-TELEVISIONS,TCL
695,MLM1440327723,Pantalla Interactiva Dten D7 4k Multi-touch Zoom Rooms 55p,131588,MLM-TELEVISIONS,DTEN
696,MLM1723015442,Television Tcl 65'' 65s451 Sin Bases + Soporte De Regalo,9890,MLM-TELEVISIONS,TCL
697,MLM1385610027,Pantalla Samsung 55 Pulgadas Smart Tv 4k Un-55au7000,13139,MLM-TELEVISIONS,Samsung
698,MLM960173519,Smart Tv Hisense A6 Series 55a6g Led 4k 55  ,11379,MLM-TELEVISIONS,Hisense
699,MLM1416365728,Pantalla Smart Tv 4k Roku Tv 65puLG Hdmi Usb 65s443-mx Tcl,18172,MLM-TELEVISIONS,TCL
700,MLM1464235196,Televisión Onn. De 55'' 4k Hdr 2160p Smart Tv Qled 100071701,7919,MLM-TELEVISIONS,Onn.
701,MLM1433934245,Smart Tv 65 Pulgadas Roku Ultra Hd 4k Led 65s647-mx Tcl,19835,MLM-TELEVISIONS,TCL
702,MLM797074161,Vizio Smart Tv E65-f0'' 65 Pulgadas Hdr Led 4k Ultra Hd,14999,MLM-TELEVISIONS,Vizio
703,MLM1651673983,Smart Tv Philips Android 55  4k Uhd,9299,MLM-TELEVISIONS,Philips
704,MLM1385570035,Pantalla Tcl 50 Pulgadas Smart Tv 4k Ultra Hd 50a441,8359,MLM-TELEVISIONS,TCL
705,MLM1449360325,Pantalla Interactiva 4k Touch 65'' Webcam 8mp Con Audio,75949,MLM-TELEVISIONS,Hikvision
706,MLM1474808618,Smart Tcl Tv 43 Pulgadas Comando De Voz 4k Uhd Android Tv,7043,MLM-TELEVISIONS,TCL
707,MLM1845429842,Smart Tv LG Ai Thinq 86un8000psb Led 4k 86  100v/240v,49000,MLM-TELEVISIONS,LG
708,MLM1438685152,Pantalla Interactiva Tecnología Captiva 4k Led 65 32 Toques,68449,MLM-TELEVISIONS,JC Vision
709,MLM1756405429,LG 43  Class 4k Uhd Ai Thinq,8499,MLM-TELEVISIONS,LG
710,MLM1385576050,Pantalla Tcl 43 Pulgadas Smart Tv Tcl 43a445 Led 4k 43 ,7322,MLM-TELEVISIONS,TCL
711,MLM1428229199,Televisor Hisense 58puLG. 4k Smart Hisense 58a6gr /v,11189,MLM-TELEVISIONS,Hisense
712,MLM1611806965,Pantalla 55 Pul Sansui Smx55p7ur Ort,9409,MLM-TELEVISIONS,Sansui
713,MLM1531200016,Tv Hisense 55 Pulgadas 4k Ultra Hd Smart Tv Led 55a65hv,9699,MLM-TELEVISIONS,Hisense
714,MLM1396528764,Pantalla Smart Tv 4k Ultra Hd Roku Tv 55puLG 55s443 Tcl,11209,MLM-TELEVISIONS,TCL
715,MLM1473970638,Smart Tv Sansui Smx-50v1ua 4k 50 Pulgadas Uhd Android Tv,8403,MLM-TELEVISIONS,Sansui
716,MLM1777536254,Tv Samsung 58  4k 3840 X 2160 120hz Smart Tv Un58tu700dfxza,15859,MLM-TELEVISIONS,Samsung
717,MLM1530762928,Pantalla Daewoo 50  Smart Tv  Roku Tv  4k Daw50ur,6984,MLM-TELEVISIONS,Daewoo
718,MLM1411836783,Smart Tv 50  Samsung Qn50ls03aafxzx  The Frame 4k Qled,27120,MLM-TELEVISIONS,Samsung
719,MLM1781848906,Smart Tv Samsung Series 7 Un50au7000fxzx Led 4k 50  ,7500,MLM-TELEVISIONS,Samsung
720,MLM1526184372,Tv 50 Pulgadas Smart Tv Uhd 4k Smx-50t1un Led Sansui,8099,MLM-TELEVISIONS,Sansui
721,MLM1405969645,Tv 50 Pulgadas Smart Tv Uhd 4k Smx-50v1ua Sansui Led,8599,MLM-TELEVISIONS,Sansui
722,MLM1427739741,Television De 55 Philips Class 4k Ultra Hd Smart Tv Led,9999,MLM-TELEVISIONS,Philips
723,MLM1746702964,Televisor De 43  4k Uhd Marca Winia U43b9000qn,7619,MLM-TELEVISIONS,Winia
724,MLM1530977802,Smart Tv LG 55'' Oled55cxaua Class 4k Ultra Hd Oled Ai Thinq,29599,MLM-TELEVISIONS,LG
725,MLM1353707841,Pantalla De 50 Pul Smart Tv  Samsung Un50au7000fx Ort,18820,MLM-TELEVISIONS,Samsung
726,MLM1339216965,Pantalla De 65  Lde  Sony Kd-65x80j Alb,23069,MLM-TELEVISIONS,Sony
727,MLM1563200793,Pantalla De 65  Uhd 4k Android Tv Sansui Smx65e1uad Alb,14419,MLM-TELEVISIONS,Sansui
728,MLM1346609400,Pantalla Smart De 50 Pulgadas LG 50un6955zuf Ort,13445,MLM-TELEVISIONS,LG
729,MLM1323254793,Smart Tv Samsung Series 8 Un55nu8000fxza Led 4k 55 110v - 12,18998,MLM-TELEVISIONS,Samsung
730,MLM920171360,Pantalla Led Evl 55 Ultra Hd 4k Smart Tv 55evls4,14499,MLM-TELEVISIONS,EVL
731,MLM1414117107,Pantalla Smart Tv Led 4k Roku Tv 65  Hdmi Usb 65s443-mx Tcl,16909,MLM-TELEVISIONS,TCL
732,MLM1450056716,Televisor Smart Fire Tv Amazon 4k Uhd Clase 4 De 55 Inches,8399,MLM-TELEVISIONS,Amazon
733,MLM1463107817,Smart Tv Tcl 50a445 50  4k Uhd Android Tv Bluetooth ,7728,MLM-TELEVISIONS,TCL
734,MLM1602770199,Pantalla Led Tcl 50  Ultra Hd 4k Smart Tv 50s453,8399,MLM-TELEVISIONS,TCL
735,MLM1321513031,Smart Tv 43  Hisense Led Ultra Hd 4k Compatible Con Google,7970,MLM-TELEVISIONS,Hisense
736,MLM1718246362,Pantalla 55puLG Crystal Uhd 4k Un55au7000 2021 Negro Samsung,16538,MLM-TELEVISIONS,Samsung
737,MLM1761720726,Pantalla Samrt Tv Hisense 43 4k Uhd 43h5g,7990,MLM-TELEVISIONS,Hisense
738,MLM1416347154,Pantalla Smart Tv 4k Ultra Hd 58puLG Roku Tv 58a6gr Hisense,14249,MLM-TELEVISIONS,Hisense
739,MLM1823706217,Pantalla Smart Tv Tcl 43 Pulgadas Roku Led 4k Uhd Hdr 43s455,5699,MLM-TELEVISIONS,TCL
740,MLM1416365731,Pantalla Smart Tv Led 4k Ultra Hd 50puLG Hdmi Usb 50a445 Tcl,9185,MLM-TELEVISIONS,TCL
741,MLM1572394803,Smart Tv Samsung Series 8 Un43au8000fxzx Led 4k 43  ,8999,MLM-TELEVISIONS,Samsung
742,MLM1393665141,Pantalla Smart Tv 4k Uhd Tv 55 PuLG Doldy Audio 55a445 Tcl,10677,MLM-TELEVISIONS,TCL
743,MLM1563437262,Smart Tv Samsung Series 7 Un55au7000fxzx Led 4k 55  ,11525,MLM-TELEVISIONS,Samsung
744,MLM1791368868,Television LG Oled Oled55a1pua Pantalla 55'' Smart Tv 4k Uhd,20999,MLM-TELEVISIONS,LG
745,MLM1414143222,Pantalla Smart Tv Led 4k Ultra Hd 50  Hdmi Usb 50a445 Tcl,13409,MLM-TELEVISIONS,TCL
746,MLM1385613826,Pantalla Tcl 55 Pulgadas Smart Tv 4k Ultra Hd 55a445,8789,MLM-TELEVISIONS,TCL
747,MLM1472807768,"Pantalla 55 Westinghouse 4k, Roku ",10255,MLM-TELEVISIONS,Westinghouse
748,MLM1571747736,Pantalla Uhd 4k De 55 Pulgadas Hisense 55a65hv Ort,14559,MLM-TELEVISIONS,Hisense
749,MLM1411837255,Pantalla Smart Tv 4k Led Ultra Hd 43puLG Android 43a445 Tcl,8701,MLM-TELEVISIONS,TCL
750,MLM1516195492,Pantalla Hisense 55a6h 55  4k Uhd Smart Google Tv,10999,MLM-TELEVISIONS,Hisense
751,MLM1578843471,Smart Tv 4k Pantalla De 65 Pulgadas Lanix X65 Android 11,15800,MLM-TELEVISIONS,Lanix
752,MLM654598296,Tv Pantalla Vizio -c1 65  4k Ultra Hd Led Smart P65,19998,MLM-TELEVISIONS,Vizio
753,MLM1530410479,Pantalla Hisense 50  Led Smart Tv 4k/ultra Hd Vidaa 50a65hv,9879,MLM-TELEVISIONS,Hisense
754,MLM1328602859,Televisión LG 60up8050psb 60  Led Uhd Smart Tv 3840x2160 Px,19572,MLM-TELEVISIONS,LG
755,MLM1782163493,Television Samsung Qn50ls03bdfxza Frame 50  Qled Smart Tv,16799,MLM-TELEVISIONS,Samsung
756,MLM1335775112,Smart Tv Led Sansui Smx-50f3uad 50 Pulgadas Android Uhd 4k,9128,MLM-TELEVISIONS,Sansui
757,MLM1396709358,Pantalla Smart Tv 4k Ultra Hd Roku Tv 55puLG 55s443 Tcl,14790,MLM-TELEVISIONS,TCL
758,MLM1410399550,Televisión LG De 65'' 65qned90upa Led 4k Qned Smart Tv Uhd,22999,MLM-TELEVISIONS,LG
759,MLM900502133,Smx55f3uad Televisor De 55  Led 4k Marca Sansui Alb,12499,MLM-TELEVISIONS,Sansui
760,MLM920169813,Smart Tv LG 65 Pulgadas 4k Uhd Ai Thinq,13300,MLM-TELEVISIONS,LG
761,MLM1852789405,Smart Tv Samsung 50 Pulgadas Telev Pantalla Qled 4k Q Series,11500,MLM-TELEVISIONS,Samsung
762,MLM1460196874,Pantalla Interactiva Multi-touch Dten D7 55 55 Pulgadas /vc,114183,MLM-TELEVISIONS,DTEN
763,MLM1515803704,Pantalla Smart Tv Samsung Series 7 Un75au7000fxzx 4k 75 ,26899,MLM-TELEVISIONS,Samsung
764,MLM1308597044,Smart Tv Hisense A6g Series 50a6g Led 4k 50  120v0,10499,MLM-TELEVISIONS,Hisense
765,MLM1533707247,Pantalla Led 65 Pulgadas Ultra Hd 4k Un65au8200 Samsung,20459,MLM-TELEVISIONS,Samsung
766,MLM1365328069,Televisión Hisense 43a60gv 43  Vidaa Ultra Hd 4k 3840x2160 ,7114,MLM-TELEVISIONS,Hisense
767,MLM1533335721,Pantalla Smart Tv 4k Uhd 50  Androidtv 50a441 Tcl,14059,MLM-TELEVISIONS,TCL
768,MLM1730110562,Pantalla Westinghouse Wr58ux4019 Sin Bases + Soporte Gratis ,8999,MLM-TELEVISIONS,Westinghouse
769,MLM1414143224,Pantalla Smart Tv Led 4k Ultra Hd 58  Roku Tv 58a6gr Hisense,15539,MLM-TELEVISIONS,Hisense
770,MLM1584131786,Pantalla Smart Tv Samsung Un-43au7000 4k Led Ultra Hd 43 ,9949,MLM-TELEVISIONS,Samsung
771,MLM1331827882,Smart Tv 65 Pulgadas Ultra Hd 4k Un-65au9000 Samsung,52999,MLM-TELEVISIONS,Samsung
772,MLM1758789574,Smart Tv Philips 65  Class 4k Uhd Hdr Compatible Con Alexa,9499,MLM-TELEVISIONS,Philips
773,MLM1361481589,Pantalla Led Tcl 50  Uhd 4k Smart Tv 50s443-mx Roku Tv,8009,MLM-TELEVISIONS,TCL
774,MLM1794739421,Pantalla Tv 50  Tv Uhd 4k/roku Phillips Smart 50pfl5756/f8,8799,MLM-TELEVISIONS,PHILLIPS
775,MLM1472349049,Smart Tv Tcl 50a445 50  4k Uhd Android Tv Bluetooth ,8171,MLM-TELEVISIONS,TCL
776,MLM1815334448,Hisense 50a6h Pantalla Uhd 4k De 50 Pulgadas,8599,MLM-TELEVISIONS,Hisense
777,MLM1368934192,Smart Tv LG Ai Thinq Oled48c1psa 4k 48'' Oled48c1pub,23749,MLM-TELEVISIONS,LG
778,MLM1755734690,Smart Tv Tcl 55  55s41 Roku Tv Uhd Compatible Con Alexa,7999,MLM-TELEVISIONS,TCL
779,MLM1454779747,Smart Tv Sansui Smx55f3uad Dled 4k 55  100v/240v,10662,MLM-TELEVISIONS,Sansui
780,MLM934892773,Smart Tv Tcl Serie A4 55a435 Led 4k 55  110v,8599,MLM-TELEVISIONS,TCL
781,MLM1303759353,Samsung Cristal Hd,48000,MLM-TELEVISIONS,Samsung
782,MLM939079685,Pantalla Westinghouse Wr55ux4019 55 PuLG 4k Uhd Roku Smarttv,9072,MLM-TELEVISIONS,Westinghouse
783,MLM1348926663,Pantalla Smart Tv 50 Pulgadas Hisense Ultra Hd Led 50a6gv,10529,MLM-TELEVISIONS,Hisense
784,MLM1309706990,Pantalla LG Smart Tv Led 50un6955zuf 50  4k Ultra Hd ,14427,MLM-TELEVISIONS,LG
785,MLM1385642742,Pantalla Tcl 55 Pulgadas Smart Tv 4k Ultra Hd 55s443-mx,8671,MLM-TELEVISIONS,TCL
786,MLM1440220440,Smart Tv Tcl 43a445 Led 4k 43  Android,8135,MLM-TELEVISIONS,TCL
787,MLM1509272695,Smart Tv Samsung Series 7 Un65au7000fxzx Led 4k 65  ,16106,MLM-TELEVISIONS,Samsung
788,MLM1346786574,Pantalla De 50  Smart Marca Jvc Si50urf Alb,10689,MLM-TELEVISIONS,JVC
789,MLM1427331019,Smart Tv 75 Pulgadas Ultra Hd 4k Tv Qled 75q637 Tcl,45513,MLM-TELEVISIONS,TCL
790,MLM1730144910, Smart Tv Samsung 65'' 4k Qled Qn65qn85bdfxza + Soporte,29639,MLM-TELEVISIONS,Samsung
791,MLM1338610565,Pantalla Led 50 Pulgadas Ultra Full Hd 4k Roku Jvc,11399,MLM-TELEVISIONS,JVC
792,MLM1429957508,Smart Tv 65puLG Roku Ultra Hd 4k Led 65s647-mx Tcl,18552,MLM-TELEVISIONS,TCL
793,MLM1481708512,Television Hisense Pantalla 43 Pulgadas 4k Ultra Hd Smart Tv,7537,MLM-TELEVISIONS,Hisense
794,MLM1385603861,Smart Tv 55 Pulgadas 4k Ultra Hd Led 3840x2160 55s7 Makena,12212,MLM-TELEVISIONS,Makena
795,MLM1494065359,Smart Tv LG 43'' 4k 2160p + Soporte De Pared 43uq7070zud,6649,MLM-TELEVISIONS,LG
796,MLM1418856103,Pantalla Smart Tv 4k Led Ultra Hd 75puLG 240w 75a6g Hisense,24399,MLM-TELEVISIONS,Hisense
797,MLM1535587969,Sony Smart Tv 4k Ultra Hd 55  Google Tv Serie Kd-55x75k La1,17499,MLM-TELEVISIONS,Sony
798,MLM1781882496,Tcl Television De 55'' Led 1080p Smart Hd Tv W/rok 55s401,6649,MLM-TELEVISIONS,TCL
799,MLM1577643767,Television Sony Bravia Xr50x90j Smart Tv 4k Uhd Hdr 50'',14249,MLM-TELEVISIONS,Sony
800,MLM1385616730,Pantalla Tcl 43 Pulgadas Smart Tv 4k Ultra Hd 43s443-mx,7004,MLM-TELEVISIONS,TCL
801,MLM926778361,Tcl Televisor Mod. 55a423 4k Smart Android Comando De Voz,11175,MLM-TELEVISIONS,TCL
802,MLM1524225466,Pantalla De 43  4k Uhd Smart LG 43uq8000psb Alb,10089,MLM-TELEVISIONS,LG
803,MLM1750649542,Smart Tv Hisense U6 Series 58u6hf Lcd 4k 58  120v,10999,MLM-TELEVISIONS,Hisense
804,MLM1457465191,Television Samsung 55 Clase 4k Wi-fi Bluetooth Modelo Qm55r,25501,MLM-TELEVISIONS,Samsung
805,MLM1473432175,Television Westinghouse Wr65ux4210 Smart Tv 4k Uhd 65  ,14599,MLM-TELEVISIONS,Westinghouse
806,MLM1769306474,Smart Tv Hisense U6 Series  55 Pulgadas 58u6hf Lcd 4k 120v ,9499,MLM-TELEVISIONS,Hisense
807,MLM1624189684,Smart Tv Sansui Smx55f3uad Dled 4k 55  100v/240v,12299,MLM-TELEVISIONS,Sansui
808,MLM1763559853,Pantalla Jvc 43 Pulgadas Smart Tv 4k Uhd + Roku Tv,7499,MLM-TELEVISIONS,JVC
809,MLM1788406299,Television Samsung Smart Tv 65uq8000aub 65'' 4k Ultra Hd,12999,MLM-TELEVISIONS,Samsung
810,MLM1822476350,Pantalla Samsung 75 Led 4k Smart Tv Bluetooth Un75tu700dfxza,16999,MLM-TELEVISIONS,Samsung
811,MLM1789292939,Samsung De 65'' Serie Q7 Qled 4k Uhd Smart Tv Qn65q7daafxza,19549,MLM-TELEVISIONS,Samsung
812,MLM1578863624,Pantalla De 50  4k Uhd Les Smart LG 50uq8000psb Alb,10679,MLM-TELEVISIONS,LG
813,MLM1729793862,Television Jvc Lt-58maw705 58'' Sin Bases + Soporte Gratis ,7800,MLM-TELEVISIONS,JVC
814,MLM1729556259,Television Onn 100069454 58'' Sin Bases + Soporte Gratis,8499,MLM-TELEVISIONS,Onn.
815,MLM1385572389,Pantalla Samsung 43 Pulgadas Smart Tv 4k Uhd Un-43au7000,9066,MLM-TELEVISIONS,Samsung
816,MLM1795430964,Pantalla Tv 50  Tv Uhd 4k/roku Sharp Smart 4t-c50dl7ur,8599,MLM-TELEVISIONS,Sharp
817,MLM1530492857,Pantalla Sansui 43  Ultra Hd Google Assistant Smx-43t1ua,7210,MLM-TELEVISIONS,Sansui
818,MLM1815175007,Pantalla Uhd 4k Hisense 50a6h De 50 Pulgadas,8999,MLM-TELEVISIONS,Hisense
819,MLM939181844,Television Samsung Qn75q60tbfxza 75 PuLG 4k Smart Qled 2020,23249,MLM-TELEVISIONS,Samsung
820,MLM1426795580,Smart Tv 75 Pulgadas Ultra Hd 4k Tv Qled 75q637 Tcl,46017,MLM-TELEVISIONS,TCL
821,MLM1758812774,Smart Tv LG 55  Uhd Ai Thinq,10899,MLM-TELEVISIONS,LG
822,MLM1773172037,Smart Tv 55 Pulgadas Tcl 4k 55a445 Android_30266490/l13,6599,MLM-TELEVISIONS,TCL
823,MLM1338540109,Pantalla Led 65 Pulgadas Ultra Hd 4k Smart Tv Samsung,25499,MLM-TELEVISIONS,Samsung
824,MLM1584486190,Smart Tv Hisense A6gr  Series 58a6gr Led 4k 58  120v,10499,MLM-TELEVISIONS,Hisense
825,MLM1761567970,Pantalla Smart Tv Hisense 65a6gv Led 4k 65  Vida  120v ,14200,MLM-TELEVISIONS,Hisense
826,MLM1780452549,Sony 55'' Class 4k 2160p Oled Smart Google Tv Hdr Xr55a90j,35999,MLM-TELEVISIONS,Sony
827,MLM1852811999,Pantalla Sharp 50 Pulgadas Uhd 4k Roku Tv 4tc50dl7ur,8855,MLM-TELEVISIONS,Sharp
828,MLM1441747904,Smart Tv LG Ai Thinq 60up8050psb Lcd 4k 60  100v/240v,22967,MLM-TELEVISIONS,LG
829,MLM736050854,Pantalla Hisense 43r6000fm 43 Pulgadas Smart Tv 4k Ultra Hd,9763,MLM-TELEVISIONS,Hisense
830,MLM1362786499,Tv Hisense 43 Pulgadas 4k Ultra Hd Smart Tv Led 43a6gv,8999,MLM-TELEVISIONS,Hisense
831,MLM1409636298,Television LG 65nano75upa 65 Inch Hdr 4k Uhd Smart Nanocell,14999,MLM-TELEVISIONS,LG
832,MLM1417111536,Pantalla Smart Tv 4k Uhd Androidtv 50a441 Bluetooth/wifi Tcl,10069,MLM-TELEVISIONS,TCL
833,MLM1822476354,Television LG 49uk6200pua Smart Tv Pantalla 49'' Smart Tv 4k,12349,MLM-TELEVISIONS,LG
834,MLM1810300287,Smart Tv Hisense Serie Vidaa 50a6gv Led 4k 50  120v,7799,MLM-TELEVISIONS,Hisense
835,MLM1650469002,Pantalla Led 50 Smart Tv Ghia G50ntfxuhd20 Negro,12990,MLM-TELEVISIONS,Ghia
836,MLM1432328756,Smart Tv Samsung Series 7 Un55au7000fxzx Led 4k 55 ,14581,MLM-TELEVISIONS,Samsung
837,MLM1761460744,Smart Tv Hisense U6 Series 58u6hf Lcd 4k 58  120v,8341,MLM-TELEVISIONS,Hisense
838,MLM1763953036,Tv Samsung Un65nu6950fxza Sin Bases Incluye Soporte Gratis,10899,MLM-TELEVISIONS,Samsung
839,MLM1808387176,Smart Tv Hisense 65a65hv Led 4k 65 ,12999,MLM-TELEVISIONS,Hisense
840,MLM1808594541,Smart Tv Sony 55'' Lcd 4k  240v Kd-55x80j + Soporte De Pared,10354,MLM-TELEVISIONS,Sony
841,MLM1613359377,Pantalla Samsung 55  Led Smart Tv Uhd 4k  Apps Factura ,13990,MLM-TELEVISIONS,Samsung
842,MLM1633371942,Pantalla Led 55 Smart Tv Ghia G55ntfxuhd20 Negro,13990,MLM-TELEVISIONS,Ghia
843,MLM1735877129,Television Hisense Smart Tv Led U6h 65  4k Ultra Hd,15526,MLM-TELEVISIONS,Hisense
844,MLM1772097450,Google Tv 4k Ultra Hd Y Alto Rango Dinámico Hdr Kd-75x85k,27999,MLM-TELEVISIONS,Sony
845,MLM1772140389,"Bravia Xr Full Array Led, 4k Ultra Hd Y Hdr Xr-75x90k",34999,MLM-TELEVISIONS,Sony
846,MLM1450174906,Smart Tv Hisense R6e Series 58r6e Led 4k 58   2022 Importada,14999,MLM-TELEVISIONS,Hisense
847,MLM1746894328,Pantalla Smart Tv Sansui 43 Smx43t1ua Android Tv 3840x2160,7899,MLM-TELEVISIONS,Sansui
848,MLM1530410476,Tv Hisense 43 Pulgadas 4k Ultra Hd Smart Tv Led 43a60gv,7329,MLM-TELEVISIONS,Hisense
849,MLM1834053137,Pantalla LG C2 55 Pulgadas,29999,MLM-TELEVISIONS,LG
850,MLM1742746893,Tv LG 50 Pulgadas Uhd 4k Tv Ai Thinq Smart Tv 50uq80bfpsb,15252,MLM-TELEVISIONS,LG
851,MLM1832059826,Smart Tv Hisense 65 Quantum Uled 4k Bluetooth Alexa 65u75h,15499,MLM-TELEVISIONS,Hisense
852,MLM1420286217,Pantalla LG Smart Tv 4k 2020,13250,MLM-TELEVISIONS,LG
853,MLM1758933500,Pantalla LG Uhd Ai Thinq 70'' Uq80 4k Smart Tv,22500,MLM-TELEVISIONS,LG
854,MLM1333256504,Tv Tcl 50 Pulgadas Smart Tv Uhd 4k 50s443-mx Roku Tv Led,7999,MLM-TELEVISIONS,TCL
855,MLM1385616786,Pantalla Tcl 50 Pulgadas Smart Tv 4k Ultra Hd 50a445,7822,MLM-TELEVISIONS,TCL
857,MLM1419999370,Smart Tv 65 Pulgadas Ultra Hd 4k Android Tv 65a443 Tcl,18932,MLM-TELEVISIONS,TCL
858,MLM1385570088,Pantalla Tcl 50 Pulgadas Smart Tv 4k Ultra Hd 50s443-mx,8219,MLM-TELEVISIONS,TCL
859,MLM1736827980,Samsung Business Qm75r 75 4k Uhd 3840x2160,48699,MLM-TELEVISIONS,Samsung
860,MLM1736816475,Smart Tv Samsung Series 7 Un55au7000fxzx Led 4k 55  ,15438,MLM-TELEVISIONS,Samsung
861,MLM1782377055,LG 48'' Cx Series Oled 4k Uhd Smart Webos Tv Oled48cxpub,23749,MLM-TELEVISIONS,LG
862,MLM1789112623,Pantalla LG Oled65c2pua 65 PuLG 4k Smart Tv Webos Oled 2022,37839,MLM-TELEVISIONS,LG
863,MLM1789307009,Television Tcl Smart Tv 65r635 Pantalla Qled 65'' 4k Uhd,29999,MLM-TELEVISIONS,TCL
864,MLM1808664955,Westinghouse De 65'' 4k Uhd Android Tv Wg65ux4100 + Soporte ,9299,MLM-TELEVISIONS,WestingHouse
865,MLM1736829339,Smart Tv Sansui 65'' 4k Ultra Hd Led  Android Tv Smx65e1uad,15803,MLM-TELEVISIONS,Sansui
866,MLM1533515142,Pantalla 55 Pulgadas 4k Led Uhd Smart Tv 55un6955zuf LG,13856,MLM-TELEVISIONS,LG
867,MLM1331818213,Pantalla Tv Led Hd 50 Pulgadas Hyled5015a4km Hyundai,8988,MLM-TELEVISIONS,Hyundai
868,MLM1611801486,Pantalla 58 Pul Hyundai Hyled5808w4k Ort,13679,MLM-TELEVISIONS,Hyundai
869,MLM1535749381,Pantalla Led LG 50  Ultra Hd 4k Smart Tv 50uq8000psb,8999,MLM-TELEVISIONS,LG
870,MLM1711865333,Pantalla Onn 50 Pulgadas 2160p 4k Uhd Roku Smart Led Tv Hdr,8099,MLM-TELEVISIONS,Onn.
871,MLM1811194389,Pantalla LG 86  Class 4k (2160p) Smart Led Tv 86uq8000aub,29890,MLM-TELEVISIONS,LG
872,MLM1836939137,Television Qled Samsung Qn65qn85dafxza Sin Bases + Soporte,19999,MLM-TELEVISIONS,Samsung
873,MLM1852834347,Pantalla 70 Pulgadas Led 4k Android Tv 4k Sharp 4tc70bk2ud,12463,MLM-TELEVISIONS,Sharp
874,MLM1794917150,Pantalla Tv 50  Tv Uhd 4k/google Tv LG Smart 50uq80,9999,MLM-TELEVISIONS,LG
875,MLM1693852875,Smart Tv LG Ai Thinq 4k 65'' 100v/240v Oled65e9aua + Soporte,26399,MLM-TELEVISIONS,LG
876,MLM1578325396,Smart Tv Sansui Smx50v1ua Led 4k 50  100v/240v,7650,MLM-TELEVISIONS,Sansui
877,MLM1806210395,Smart Tv LG Ai Thinq 55um7300aue Led 4k 55  120v,7884,MLM-TELEVISIONS,LG
878,MLM1481695862,Television Hisense Pantalla 50 Pulgadas 4k Ultra Hd Smart Tv,9096,MLM-TELEVISIONS,Hisense
879,MLM1611825865,Pantalla 55 Pul Hyundai Hyled5521w4k Ort,11239,MLM-TELEVISIONS,Hyundai
880,MLM1650720093,"Television Led LG 65 PLG Smart Tv, Uhd 3840 * 2160p, Web Os",17004,MLM-TELEVISIONS,LG
881,MLM1579250996, Pantalla LG De 65' Modelo 65up7710psb Uhd  Tv Ai,17999,MLM-TELEVISIONS,LG
882,MLM1608246635,Pantalla Hisense 55 Pulgadas 4k Ultra Hd Smart Tv Led 55a7gv,12999,MLM-TELEVISIONS,Hisense
883,MLM1434797963,Televisión Samsung De 55'' 4k Uhd/ Pantalla Led Comercial,20899,MLM-TELEVISIONS,Samsung
884,MLM1472918964,Television LG Nano Cell 65nano91ana 4k Smart Tv 65 ,24999,MLM-TELEVISIONS,LG
885,MLM1781840593,Television Samsung Qn55q7daafxza Qled 55  Smart Tv 4k,15199,MLM-TELEVISIONS,Samsung
886,MLM1715094979,Pantalla LG 50 Pulgadas Smart Tv Uhd 4k Al Thinq 50uq8000psb,11159,MLM-TELEVISIONS,LG
887,MLM1806167075,Smart Tv Samsung Series 6 Un65nu6950fxza Led 4k 65  110v,10899,MLM-TELEVISIONS,Samsung
888,MLM1758864990,Smart Tv Philips 5000 Series 50pfl4756/f7 Led 4k 50  120v,7999,MLM-TELEVISIONS,Philips
889,MLM1367363161,Televisor Hisense 58 Pulgadas Modelo 58a6gr Smart 4k Roku,15450,MLM-TELEVISIONS,Hisense
890,MLM1753167239,Pantalla Tv Smart Led 65 4k Vios,7500,MLM-TELEVISIONS,VIOS
891,MLM944399544,Smart Tv Samsung 50 Pulgadas Serie 7 4k Uhd,10001,MLM-TELEVISIONS,Samsung
892,MLM1509203628,Smart Tv Samsung Series 7 Un55au7000fxzx Led 4k 55  ,18499,MLM-TELEVISIONS,Samsung
893,MLM928132705,Televisión Smart Tv Samsung 43 Au7000 Uhd 4k Un43au7000fxzx,8889,MLM-TELEVISIONS,Samsung
894,MLM1782192682,LG 55'' Class 4k 2160p Led Smart Tv Webos Hdr 55uj7700-ua,9784,MLM-TELEVISIONS,LG
895,MLM1716265479,"Television Led LG 50 PLG Smart Tv, Uhd 3840 * 2160p, Web Os",9980,MLM-TELEVISIONS,LG
896,MLM1788529009,Television LG 65up7560aud Smart Tv Pantalla Led 65'' 4k Uhd,13999,MLM-TELEVISIONS,LG
897,MLM1789314667,Television LG Smart Tv 65sm8600aua Nano Cell 65'' 4k Uhd,29999,MLM-TELEVISIONS,LG
898,MLM1584228054,Pantalla Smart Tv Tcl 43a445 4k Led Ultra Hd 43 Android ,8499,MLM-TELEVISIONS,TCL
899,MLM1659250293,Smart Tv Sony X80j Series Kd-65x80j Lcd 4k 65  110v/240v,17999,MLM-TELEVISIONS,Sony
900,MLM1473778936,Philips 55 4k,12000,MLM-TELEVISIONS,Philips
901,MLM1810152529,Onn Televisión De 65'' 4k Qled Smart Tv 100071705 + Soporte,10299,MLM-TELEVISIONS,Onn.
902,MLM1854205207,Pantalla Tcl 50s453 50'' 4k Uhd Hdr10 Roku_31498030/l15,5949,MLM-TELEVISIONS,TCL
903,MLM1338490969,Pantalla Led 50 Pulgadas Ultra Hd 4k Android Hyundai,11399,MLM-TELEVISIONS,Hyundai
904,MLM1806209026,Television LG 55qned80uqa Pantalla Led 55'' Smart Tv 4k Uhd,14249,MLM-TELEVISIONS,LG
905,MLM1331823601,Smart Tv Hisense 55 Pulgadas Led 4k Ultra Hd 55a6gv,10931,MLM-TELEVISIONS,Hisense
906,MLM1611801305,Pantalla 55 Pul Hyundai Hyled5520a4k Ort ,12729,MLM-TELEVISIONS,Hyundai
907,MLM1434668446,Smart Tv 65 Pulgadas Alta Definición 4k Tv-868 Negro Ghia,15499,MLM-TELEVISIONS,Ghia
908,MLM1730266539,Westinghouse 50'' 4k Uhd Roku Smart Tv Wr50ux4210 + Soporte,8074,MLM-TELEVISIONS,WestingHouse
909,MLM1356094378,Pantalla Samsung Qn50ls03adfxza 50 PuLG Qled 4k Uhd Smart Tv,17549,MLM-TELEVISIONS,Samsung
910,MLM1402436509,Smart Tv Hisense A6g Series 43a6g Lcd 4k 43  120v,15999,MLM-TELEVISIONS,Hisense
911,MLM1418983372,Pantalla Smart Tv 4k Led Ultra Hd 75  240w 75a6g Hisense,24279,MLM-TELEVISIONS,Hisense
912,MLM1457859974,Television Samsung 65'' 4k Ultra Hd Modelo Lh65qmrebgcxza,35418,MLM-TELEVISIONS,Samsung
913,MLM1501751115,Smart Tv Hisense 58 Pulgadas Led 4k Ultra Hd 58h6500g,16803,MLM-TELEVISIONS,Hisense
914,MLM906454129,LG Pantalla 55  Uhd Ai Thinq 4k,19900,MLM-TELEVISIONS,LG
915,MLM1715455197,Pantalla Smart Tv 4k Ultra Hd Roku Tv 55puLG 55s443 Tcl,13199,MLM-TELEVISIONS,TCL
916,MLM1761164899,Smart Tv Sansui Smx50v1ua Led 4k 50  100v/240v,11429,MLM-TELEVISIONS,Sansui
917,MLM1348426764,Pantalla 65  Tcl Qled 4k Smart Uhd Roku Tv 65s647,19299,MLM-TELEVISIONS,TCL
918,MLM1388438192, Smart Tv Hisense 43 Pulgadas Roku Tv Led Uhd 4k 66219 Cst,12099,MLM-TELEVISIONS,Hisense
919,MLM1393697179,Pantalla Smart Tv 50puLG 4k Uhd Led Roku Tv 2021 50s443 Tcl ,12054,MLM-TELEVISIONS,TCL
920,MLM1400563407,Smart Tv Tcl 65 Pulgadas 4k Ultra Hd Android Tv 65a443,14173,MLM-TELEVISIONS,TCL
921,MLM1427373082,Smart Tv 55 Pulgadas Ultra Hd 4k Tv Led 55s7 Makena,15731,MLM-TELEVISIONS,Makena
922,MLM1361703038,Tv Tcl 55 Pulgadas Smart Tv Uhd 4k 55s443-mx Roku Tv Led,8399,MLM-TELEVISIONS,TCL
923,MLM1726927181,Television Tcl 65'' 65s531 4k Sin Bases + Soporte De Regalo,19999,MLM-TELEVISIONS,TCL
924,MLM1788642190,Television Hisense Smart Tv 65r8f5 Pantalla Uled 65'' 4k Uhd,11999,MLM-TELEVISIONS,Hisense
925,MLM1617540145,Smart Tv Tcl Led 4k Uhd 50  Roku Tv ¡envío Inmediato!,8279,MLM-TELEVISIONS,TCL
926,MLM1649482020,Pantalla Hyundai Hyled6508w4km Smart Tv Google Assistant 4k ,16900,MLM-TELEVISIONS,Hyundai
979,MLM1409968684,Sansui Tv Smx50t1un 50  Smart Tv Uhd 4k 2022 (50  Smart Uhd),7490,MLM-TELEVISIONS,Sansui
980,MLM781895577,Television Sceptre Led U550cv-umc8  Pantalla 55'' 4k Ultrahd,7124,MLM-TELEVISIONS,Sceptre
981,MLM1358144674,Smart Tv LG 65 Pulgadas Uhd 4k 85 Series Althinq 65un8500auj,16199,MLM-TELEVISIONS,LG
982,MLM1417472047,Smart Tv Hisense R6e Series 58r6e Led 4k 58  120v,7189,MLM-TELEVISIONS,Hisense
983,MLM1524256637,Smart Tv Hisense 50u60h Uled 4k 50 ,7899,MLM-TELEVISIONS,Hisense
984,MLM1416782232,Pantalla Smart Tv Hisense H65 Series 75h6510g Led 4k 75 120v,16999,MLM-TELEVISIONS,Hisense
985,MLM1472397820,Smart Tv Makena 55s7 Led 4k Uhd 55 Pulgadas Hdr 120 Hz,12739,MLM-TELEVISIONS,Makena
986,MLM1491514630,Pantalla Led LG 60'' Ultra Hd 4k Smart Tv 60uq8000psb /vc,13715,MLM-TELEVISIONS,LG
987,MLM1609143479,Pantalla Led Tcl 50  Ultra Hd 4k Smart Tv 50s453,8399,MLM-TELEVISIONS,TCL
988,MLM1463106652,Smart Tv Tcl 43s443-mx Led 43 Pulgadas 4k Uhd Roku Tv Ethern,6755,MLM-TELEVISIONS,TCL
990,MLM1395769172,Pantalla Smart Tv 50puLG 4k Uhd Led Roku Tv 2021 50s443 Tcl,11674,MLM-TELEVISIONS,TCL
991,MLM1503888716,Television Hisense Uled 65u6gr5 65'' U6gr Series Smart Tv 4k,12868,MLM-TELEVISIONS,Hisense
992,MLM1789036266,Samsung 65'' Qled 4k Smart Tv Quantum Hdr Qn65ls03bdfxza ,32759,MLM-TELEVISIONS,Samsung
993,MLM1837087625,Pantalla Hisense Smart Tv Led U6h 50 4k Ultra Hd 3840x2160px,11039,MLM-TELEVISIONS,Hisense
994,MLM1714819797,Smart Tv Au7000 Uhd 4k (2021),8500,MLM-TELEVISIONS,Samsung
995,MLM1742740902,Tv LG 50 Pulgadas Uhd 4k Tv Ai Thinq Smart Tv 50uq80bfpsb,15252,MLM-TELEVISIONS,LG
996,MLM1331991880,Smart Tv 50 Pulgadas Led 4k Ultra Hd 3 Hdmi 50a435 Tcl,11198,MLM-TELEVISIONS,TCL
997,MLM1808379792,Smart Tv Hisense A6 Series 43a6h Led 4k 43  120v,6799,MLM-TELEVISIONS,Hisense
998,MLM1400834708,Smart Tv LG Serie Uhd 50uk6350puc Lcd 4k 50  100v/240v 5 /v,13865,MLM-TELEVISIONS,LG
999,MLM1410410139,Televisión Samsung De 65  Lh65qmrebgcxza 4k Ultra Hd Led,39999,MLM-TELEVISIONS,Samsung
1000,MLM1492395575,LG Pantalla Comercial Led 55  4k Ultra Hd 55ut640s0ua,8400,MLM-TELEVISIONS,LG
1001,MLM1793815506,Smart Tv Tcl 55 Pulgadas Pantalla 4k Uhd Hdr 10 Roku Tv,8999,MLM-TELEVISIONS,TCL
1002,MLM1803774886,Pantalla Sony 50 Pulgadas ,11999,MLM-TELEVISIONS,Sony
1003,MLM1526319768,Smart Tv LG Uhd 76 Series 43up7670puc Lcd 4k 43  100v/240v,9884,MLM-TELEVISIONS,LG
1004,MLM1767029574,Smart Tv Hisense U6 Series 58u6hf Lcd 4k 58  120v,9199,MLM-TELEVISIONS,Hisense
1005,MLM1524229993,Smart Tv Tcl 4-series 55s431 Led 4k 55 Nueva,8800,MLM-TELEVISIONS,TCL
1006,MLM1346094524,Pantalla Smart Tv Hisense 43 Led 4k Uhd 43a6gv /v,7881,MLM-TELEVISIONS,Hisense
1007,MLM1440918787,Smart Tv Hisense R6e Series 58r6e Led 4k 58  120v,16854,MLM-TELEVISIONS,Hisense
1008,MLM1782604069,LG Television 50'' Class 4k 2160p Led Smart Tv 50nano75uqa ,9784,MLM-TELEVISIONS,LG
1010,MLM1486471397,Smart Tv Samsung The Frame Qn50ls03aafxzx Qled 4k 50  Factur,18690,MLM-TELEVISIONS,Samsung
1011,MLM1793869360,Smart Tv Tcl 50 Pulgadas Pantalla 4k Uhd Hdr 10 Roku Tv,7809,MLM-TELEVISIONS,TCL
1012,MLM1837005361,LG Televisor 65'' 4k Uhd Oled Smart Tv Oled65a1aua + Soporte,23999,MLM-TELEVISIONS,LG
1015,MLM1544843092,LG Pantalla Uhd Tv Ai Thinq 4k 55  55un6955zuf,13870,MLM-TELEVISIONS,LG
1016,MLM1623214618,Smart Tv Samsung Series 7 Un43au7000p Led 4k 43  ,7999,MLM-TELEVISIONS,Samsung
1017,MLM1501934844,Pantalla 4k Smart Tv LG 50up7000pua De 50 Pulgadas,16633,MLM-TELEVISIONS,LG
1018,MLM1795406758,Pantalla Tv 55  Tv Uhd 4k/roku Jvc Smart Si55ur,9699,MLM-TELEVISIONS,JVC
1019,MLM843283220,Hisense Pantalla 58  Smart Tv Uhd 4k,16621,MLM-TELEVISIONS,Hisense
1020,MLM1572838629,"Pantalla LG 55 Pulgadas 4k, 55uq7400psf Ort",15729,MLM-TELEVISIONS,LG
1021,MLM1791149062,Television LG Oled Oled65c8pua Serie C8 65'' Smart Tv 4k Uhd,23199,MLM-TELEVISIONS,LG
1022,MLM956756635,Pantalla Oled Sony 65  Uhd 4k Smart Tv Xbr-65a8h/a  Ucm,49999,MLM-TELEVISIONS,Sony
1023,MLM1530905572,Smart Tv 65 Pulgadas Ultra Hd 4k Android Tv 65a443 Tcl,18469,MLM-TELEVISIONS,TCL
1024,MLM1781857349,Samsung De 55'' Class 4k 2160p Qled Smart Tv Qn55ls03bdfxza ,29249,MLM-TELEVISIONS,Samsung
1025,MLM1801665475,Smart Tv Samsung Series 7 Un60au7000fxzx Led 4k 60,17014,MLM-TELEVISIONS,Samsung
1026,MLM1808596694,Samsung 55'' Neo Qled 4k Smart Tv Qn55qn90bdfxza + Soporte,19999,MLM-TELEVISIONS,Samsung
1027,MLM1809832363,LG Smart Tv De 55'' Ai Thinq Lcd 4k 55nano75upa + Soporte ,20899,MLM-TELEVISIONS,LG
1028,MLM1835726644,Smart Tv Samsung 70 Pulgadas Un70au8000,19999,MLM-TELEVISIONS,Samsung
1029,MLM1467271045,Pantalla Tcl 55 PuLG Smart 4k Mod 55s431,9470,MLM-TELEVISIONS,TCL
1030,MLM1853978008,Pantalla 58 Pulgadas Led 4k Uhd Smart Fire Tv 58u6hf Hisense,10721,MLM-TELEVISIONS,Hisense
1031,MLM1781857728,Television Jvc Lt-43maw804 Pantalla Qled 43  Smart Tv 4k Uhd,6649,MLM-TELEVISIONS,JVC
1033,MLM1584471782,Pantalla Smart Tv Tcl 43a445 Led 4k 43 Pulgadas Hdmi Usb ,9199,MLM-TELEVISIONS,TCL
1034,MLM1808216699,Onn De 55'' 4k 2160p Qled Smart Tv 100071701 + Soporte Pared,9499,MLM-TELEVISIONS,Onn.
1036,MLM1421953699,Smart Tv Tcl Series S4 55s443 Led 4k 55 ,9494,MLM-TELEVISIONS,TCL
1037,MLM1810259306,Television Oled Oled65a1pua Pantalla 65'' 4k Uhd Smart Tv,24479,MLM-TELEVISIONS,LG
